,datetime,source,url,title,content
0,2020/8/12,chem.ruc.edu.cn,http://chem.ruc.edu.cn/tzgg/zsdt/01ba5979e238477ba76b6014d79f3a80.htm,第九届全国优秀大学生化学暑期学校招生简章,中国人民大学化学系成立于2004年7月，现有一个化学本科专业；一个化学一级学科硕士点，并设有物理化学、无机化学、有机化学、分析化学和高分子化学与物理五个二级学科；一个化学一级学科博士点，并设有有机化学、物理化学和高分子化学与物理三个二级学科。化学学科于2015年11月跨入了化学学科全球ESI排名前1%的行列。
1,2020/8/6,chem.ruc.edu.cn,http://chem.ruc.edu.cn/xsfz/xydt/424f74988081442b8e078c1274c4760b.htm,校友之声|蒋海英：汇涓成海，世有英才,
2,2020/8/6,chem.ruc.edu.cn,http://chem.ruc.edu.cn/xwdt/xspy/4e359fdb733c43c69c87c1d8b2b4a492.htm,校友之声|蒋海英：汇涓成海，世有英才,
3,2020/7/22,chem.ruc.edu.cn,http://chem.ruc.edu.cn/xwdt/txzx/d5621dd05ae94c999ae60fe07e07b139.htm,一篇文章带你了解人大理科试验班（基础学科类）,1，2020年人大理科试验班（基础学科类）招生大类专业基本情况
4,2020/7/11,chem.ruc.edu.cn,http://chem.ruc.edu.cn/tzgg/jlzz/683fae87a92e4bd1b104343f95d013c2.htm,中国人民大学进入ESI材料科学学科全球前1%,北京时间7月9日，科睿唯安公司（ClarivateAnalytics）基本科学指标数据库（EssentialScienceIndicators，简称ESI）发布了最新一期世界学科排名，中国人民大学进入ESI材料科学学科全球前1%，标志着学校在该学科领域的科学研究水平进入世界一流行列。
5,2020/7/10,chem.ruc.edu.cn,http://chem.ruc.edu.cn/xwdt/txzx/dc8e89ec85c84c6990cb13b351ae399c.htm,王鹏：竹杖行千里，伏脉亦朗然,
6,2020/7/3,chem.ruc.edu.cn,http://chem.ruc.edu.cn/tzgg/zdgl/f2bbedebfeb348ee8b13822a9a1a815e.htm,中国人民大学化学系科研助理招聘启事,为贯彻落实《科技部教育部人力资源社会保障部财政部中科院自然科学基金委关于鼓励科研项目开发科研助理岗位吸纳高校毕业生就业的通知》（国科发资〔2020〕132号）和《教育部办公厅关于高等学校进一步做好开发科研助理岗位吸纳毕业生就业工作的通知》（教科技厅函〔2020〕23号）精神，我系现面向高校应届毕业生招聘科研助理岗位若干。
7,2020/7/3,chem.ruc.edu.cn,http://chem.ruc.edu.cn/xwdt/txzx/c77a5039364947a0a35071567524ca87.htm,人大化学系，永远的家——致毕业的你们,北京疫情的突发，让人大化学系的学子们的相聚按下了暂停键，但是短暂的分离是为了更好地的重逢。虽有遗憾，但我们一直都在。你们用化学铸造了不平凡的人生，而化学系也永远是你们坚强的后盾和温暖的港湾。
8,2020/6/22,chem.ruc.edu.cn,http://chem.ruc.edu.cn/tzgg/zsdt/a153da0a58414abb9b0cdfc26b9a97d1.htm,中国人民大学2020年博士生复试成绩表,
9,2020/6/10,chem.ruc.edu.cn,http://chem.ruc.edu.cn/tzgg/zdgl/a6d09b4063df458086abfff366c574c2.htm,中国人民大学化学系招聘启事,中国人民大学化学系成立于2004年，有完善的化学一级学科本科、硕士、博士点，2015年11月跨入了化学学科全球ESI排名前1%的行列。化学系现面向国内外诚招各类英才，建设理论与实践结合、基础与应用兼顾，面向国家及企业需求开展人才培养与科学研究的化学系。
10,2020/6/8,chem.ruc.edu.cn,http://chem.ruc.edu.cn/tzgg/zsdt/354603ddf3a54fbc8f1892bfcab55eb0.htm,2020年化学系博士研究生复试名单,（以上序号为在线报道时抽签产生的面试顺序）
11,2020/5/29,chem.ruc.edu.cn,http://chem.ruc.edu.cn/xsfz/xydt/297c36fcf6e046c2977e406b4a97564b.htm,我系2006级本科生李逢旺入职悉尼大学,我系2006级本科生，2010级硕士生（导师张美宁教授）李逢旺，于2017年博士毕业于澳大利亚Monash大学，导师为FutureFellowJieZhang教授和澳大利亚两院院士DouglasMacFarlane教授。博士期间获得学校最优博士论文奖。2018至2020年于加拿大多伦多大学从事博士后研究，合作导师为加拿大两院院士EdwardSargent教授。2020年获得澳大利亚DiscoveryEarlyCareerResearchAward，并入职悉尼大学。长期从事电化学和电催化研究，在Nature，Science，NatureCatalysis，NatureMaterials，AngewandteChemie，JACS，EES等杂志发表论文50余篇。
12,2020/5/29,chem.ruc.edu.cn,http://chem.ruc.edu.cn/xwdt/txzx/8ec50720f1c549c0ae0f546fb4a4489b.htm,2017级化学本科团支部与兰坪县民族中学高二理科一班基层团支部共建交流,仲夏五月，在共青团中国人民大学委员会、理学院党委和云南省怒江傈僳族自治州兰坪县民族中学的关怀领导下，理学院2017级化学本科团支部与兰坪民族中学高二年级理科一班团支部联合开展的“化兰蕴理|基层团支部共建”项目正式启动。
13,2020/5/22,chem.ruc.edu.cn,http://chem.ruc.edu.cn/tzgg/zsdt/1e7556dbc983426c8c77eec06d7653ba.htm,人大王亚培教授：化为表率，学成栋梁——等你来！,
14,2020/5/20,chem.ruc.edu.cn,http://chem.ruc.edu.cn/tzgg/jlzz/5cd31bb9fde8468fbb90ce937f9b4831.htm,关于组织申报2020年中国人民大学“大学生创新实验计划”和“本科生科研基金”项目的通知,
15,2020/5/20,chem.ruc.edu.cn,http://chem.ruc.edu.cn/xsfz/jlxx/d00ef3f92a224df7987a594b904f247a.htm,关于组织申报2020年中国人民大学“大学生创新实验计划”和“本科生科研基金”项目的通知,
16,2020/5/19,chem.ruc.edu.cn,http://chem.ruc.edu.cn/xsfz/txxx/f4b36785c4574f26b68a9710da102a7e.htm,“理课堂”说吧 | 网课体验，言之有“理”——化学篇第二期,
17,2020/5/18,chem.ruc.edu.cn,http://chem.ruc.edu.cn/xsfz/jlxx/d267cfd45aea44cbb7fcb39072c20294.htm,2019年度“中国人民大学理学英才-科研发表专项奖学金” 评审通知,
18,2020/5/18,chem.ruc.edu.cn,http://chem.ruc.edu.cn/tzgg/jlzz/780e021224594113be55543e974ec7b6.htm,2019年度“中国人民大学理学英才-科研发表专项奖学金” 评审通知,
19,2020/5/10,chem.ruc.edu.cn,http://chem.ruc.edu.cn/xsfz/xydt/21922ea799b3408cbeaeedd65a9b457e.htm,校友之声 | 唐明学：明学为志 功不唐捐,校友之声
20,2020/5/2,chem.ruc.edu.cn,http://chem.ruc.edu.cn/tzgg/zsdt/3cd12331803643deb7af527f8a783859.htm,中国人民大学化学系2020年硕士研究生招生考试复试办法,统筹考虑北京市和中国人民大学疫情防控要求，为最大限度减少人员聚集，降低感染风险，根据我校复试工作要求，我系将通过互联网远程开展2020年硕士研究生招生考试复试工作。为保障复试科学有效、公平公正，根据中国人民大学硕士研究生招生考试复试工作的规定，我系复试办法如下：
21,2020/4/8,chem.ruc.edu.cn,http://chem.ruc.edu.cn/xwdt/txzx/2428ec4ca7bc4e98aed9600fd1e625d3.htm,“理课堂”说吧 | 网课体验，言之有“理”——化学篇第一期,
22,2020/4/8,chem.ruc.edu.cn,http://chem.ruc.edu.cn/xsfz/txxx/0e4b46abf70c4d1aaf51ce3d3faa7a5e.htm,“理课堂”说吧 | 网课体验，言之有“理”——化学篇第一期,
23,2020/4/8,chem.ruc.edu.cn,http://chem.ruc.edu.cn/xwdt/txzx/844fad371bbd4973845a6772aa30fae4.htm,我校化学学科获批一级学科博士学位授权点,
24,2020/3/6,chem.ruc.edu.cn,http://chem.ruc.edu.cn/tzgg/zsdt/7e7d1c57aab94f3b9d4813138ae085a1.htm,中国人民大学化学系2020年全国硕士研究生招生考试初试成绩复查结果公示,初试成绩复查结果公示
25,2020/2/24,chem.ruc.edu.cn,http://chem.ruc.edu.cn/tzgg/zsdt/8f1c5cf7dce34282993ce97b3b80e8d1.htm,化学系关于2020年全国硕士研究生招生考试初试成绩复查工作的通知,各位考生：
26,2020/1/15,chem.ruc.edu.cn,http://chem.ruc.edu.cn/xwdt/djzt/c6024e5507394ff0b7dac94bee85fd72.htm,我系张美宁教授获得2019年度科研优秀奖,在2019年度学校科研成果表彰中，我系张美宁教授获得科研优秀奖！
27,2020/1/15,chem.ruc.edu.cn,http://chem.ruc.edu.cn/xwdt/djzt/aa744bac70cb4e07906db9da3a9a2e01.htm,我系付立民教授获得2019年度优秀科研成果奖,在2019年度学校科研成果表彰中，我系付立民教授获得优秀科研成果奖！
28,2020/1/15,chem.ruc.edu.cn,http://chem.ruc.edu.cn/dtgz/gh/694f2506043b413ea0d806abcd580488.htm,我系付立民教授获得2019年度优秀科研成果奖,在2019年度学校科研成果表彰中，我系付立民教授获得优秀科研成果奖！
29,2020/1/15,chem.ruc.edu.cn,http://chem.ruc.edu.cn/dtgz/gh/05f8262d97f34f53b53db37ad53633d4.htm,我系张美宁教授获得2019年度科研优秀奖,在2019年度学校科研成果表彰中，我系张美宁教授获得科研优秀奖！
30,2020/1/15,chem.ruc.edu.cn,http://chem.ruc.edu.cn/xwdt/xscg/dcba6ab2e69d4ff2b309c796b14fe721.htm,我系张美宁教授获得2019年度科研优秀奖,在2019年度学校科研成果表彰中，我系张美宁教授获得科研优秀奖！
31,2020/1/15,chem.ruc.edu.cn,http://chem.ruc.edu.cn/xwdt/xscg/0ef5a5984c4541f690c1017f12ad041e.htm,我系付立民教授获得2019年度优秀科研成果奖,在2019年度学校科研成果表彰中，我系付立民教授获得优秀科研成果奖！
32,2019/12/30,chem.ruc.edu.cn,http://chem.ruc.edu.cn/xsjl/xn/41e5db1b4f4e4c8eaf70f2559292802a.htm,钙钛矿量子点中的光学增益和多激子动力学过程,
33,2019/11/28,chem.ruc.edu.cn,http://chem.ruc.edu.cn/xsfz/txxx/d877559105ed401e9f18d31152069563.htm,化学系学生参加第二十届化学知识与实验技能联合大赛并获奖,第二十届化学知识与实验技能联合大赛暨第一届京津冀邀请赛复决赛于2019年11月23至24日在天津大学北洋园校区正式开展。
34,2019/11/28,chem.ruc.edu.cn,http://chem.ruc.edu.cn/xwdt/xspy/d7165ffbb486474d9b16bf6b1ba3c4b0.htm,化学系学生参加第二十届化学知识与实验技能联合大赛并获奖,第二十届化学知识与实验技能联合大赛暨第一届京津冀邀请赛复决赛于2019年11月23至24日在天津大学北洋园校区正式开展。
35,2019/11/27,chem.ruc.edu.cn,http://chem.ruc.edu.cn/xsjl/xn/fbfabe4698a24f5da886c465d2763204.htm,分子调控电催化二氧化碳还原,
36,2019/11/25,chem.ruc.edu.cn,http://chem.ruc.edu.cn/xwdt/xscg/ffe895ab4e3d4a379e0a3a4591e9871c.htm,《ACS Biomaterials Science & Engineering》报道化学系王亚培课题组重要进展,近日，理学院化学系王亚培课题组在界面打印领域取得重要进展，相关研究成果以“InterfacialDiffusionPrinting:AnEfficientManufacturingTechniqueforArtificialTubularGrafts”为题发表在《ACSBiomaterialsScience&Engineering》上，并且被美国化学会推选为编辑精选，在全球范围内提供该文章的开放访问。
37,2019/11/25,chem.ruc.edu.cn,http://chem.ruc.edu.cn/xwdt/txzx/a23069f9c9ea4547a0b0386a2d840978.htm,海淀区生态环境局来我系检查实验室危险废物处置管理工作,2019年11月25日上午，海淀区生态环境局对我系的实验室危险废物处置管理工作进行了检查。生态环境局工作人员检查了我系的部分科研实验室的危险废物分类管理处置情况，查看了危险废物暂存库和理工楼实验废气处理装置，针对其中存在的不规范事项提出了整改意见，要求我系配合校实验室管理与教学条件保障处，按照北京市地方标准《实验室危险废物污染防治技术规范》（DB11/T1368—2016）进行整改。
38,2019/11/20,chem.ruc.edu.cn,http://chem.ruc.edu.cn/xwdt/djzt/ab26931c209649b5aa8630c0d76e3331.htm,校领导到理学院开展主题教育专题调研,11月20日上午，中国人民大学党委书记靳诺、常务副校长王利明到理学院开展“不忘初心、牢记使命”主题教育专题调研，深入了解理学院各项工作开展情况和存在问题。
39,2019/11/20,chem.ruc.edu.cn,http://chem.ruc.edu.cn/dtgz/dj/54a54884ac7a41a4837d6fdb08124840.htm,校领导到理学院开展主题教育专题调研,11月20日上午，中国人民大学党委书记靳诺、常务副校长王利明到理学院开展“不忘初心、牢记使命”主题教育专题调研，深入了解理学院各项工作开展情况和存在问题。
40,2019/11/18,chem.ruc.edu.cn,http://chem.ruc.edu.cn/xsjl/xw/86ced85b6f4640a9814d7b42129adec0.htm,静电场辅助制备微纳米复合材料及其在环境、生物医学及能源领域的应用,
41,2019/11/7,chem.ruc.edu.cn,http://chem.ruc.edu.cn/xsjl/xn/df7e76350f8b46b2b70983e9b7329057.htm,单囊泡电化学分析研究,
42,2019/10/8,chem.ruc.edu.cn,http://chem.ruc.edu.cn/xsjl/xn/a2aeda5b1a07457c9a9c00137b23137e.htm,框架诱导组装体系的构建及其功能化,
43,2019/9/23,chem.ruc.edu.cn,http://chem.ruc.edu.cn/tzgg/zsdt/ae03317092d5438195464814377894a5.htm,2020年化学系招收推免直博生工作办法,根据教育部有关推荐免试生招生文件规定和精神，结合我校实际情况，制定本办法。
44,2019/9/23,chem.ruc.edu.cn,http://chem.ruc.edu.cn/xwdt/xscg/be2676579ade4dcc88e9895cee90630d.htm,介离子卡宾（MIC）催化醛的氢氘交换反应,氘标记化合物在有机反应机理研究、分析测试、材料科学、生命科学和医药学等领域均有着十分重要的应用。基于氘标记化合物的同位素稀释质谱法已经广泛应用于定量分析，其受基质效应影响小，同时具有快速、准确、高灵敏度和重复性好的优点。氘标记药物分子也广泛应用于药物代谢过程分析和临床药物代谢动力学研究。通过对C-H键的活化，进而发生氢氘交换反应，是合成氘标记化合物的重要方法。选择性氢氘交换，特别是在活泼烷基、苄位、杂原子邻位、芳香环和烯烃上的交换近年来取得了一系列重大进展。但对于醛基氢的氢氘交换反应，研究还非常少，目前仅局限于贵金属铱/钌催化的芳香醛基的氢氘交换反应。另一方面，氮杂环卡宾（NHC）通过与醛形成Breslow中间体进而实现醛的极翻转活化已经有半个多世纪的研究历史，然而对其最简单的反应形式，即NHC催化的醛基氢氘交换，仍然没有实现。主要的原因在于无法阻断安息香缩合反应及缺乏对活化的可逆性研究。
45,2019/9/20,chem.ruc.edu.cn,http://chem.ruc.edu.cn/xsfz/gzzd/76f1d2a0476c4f42b7f63c5369d047a7.htm,2020年化学系招收推免生工作办法,根据教育部有关推荐免试生招生文件规定和精神，结合我校实际情况，制定本办法。
46,2019/9/20,chem.ruc.edu.cn,http://chem.ruc.edu.cn/tzgg/zsdt/4464f14820eb4ea898d529d29038015a.htm,2020年化学系招收推免生工作办法,根据教育部有关推荐免试生招生文件规定和精神，结合我校实际情况，制定本办法。
47,2019/9/18,chem.ruc.edu.cn,http://chem.ruc.edu.cn/xsjl/xn/0ebb57fba4f74148ba335740bcdeb60c.htm,Regulate Hippo Signalling via Lipid-raft-targeted Molecular Assembly for Ovarian Cancer Treatment,
48,2019/8/26,chem.ruc.edu.cn,http://chem.ruc.edu.cn/xsjl/xn/1e4d1eccaf784e2eb4e1b1454d9dab13.htm,Curiosity Driven New Reactivity Discovery,
49,2019/8/8,chem.ruc.edu.cn,http://chem.ruc.edu.cn/xsfz/xydt/4dc103e88f494e03a435c888fc4fdbee.htm,我系2009级硕士生刘为萍入职东华大学,我系2009级硕士生刘为萍，2009年本科毕业于九江学院获理学学士学位，同年进入中国人民大学化学系李志平教授课题组从事基于自由基的烯烃过氧化羰基化反应研究，于2012年获得硕士学位。随后在国家公派奖学金支持下，加入德国哥廷根大学化学系LutzAckermann教授课题组从事惰性碳氢键官能团化反应研究，于2016年获得博士学位，接着在该课题组从事博士后研究至2017年4月。随后加入德国莱布尼茨催化研究所MatthiasBeller教授课题组从事过渡金属催化的还原氢化反应研究。2019年8月加入东华大学化学化工与生物工程学院开展独立研究工作。
50,2019/8/2,chem.ruc.edu.cn,http://chem.ruc.edu.cn/xwdt/txzx/7806595dc43741a99f3c0209c88615ef.htm,化学系迎新网站登陆：欢迎2019级新生！,
51,2019/7/26,chem.ruc.edu.cn,http://chem.ruc.edu.cn/xsfz/jlxx/12e1e4275584435789c08a9b0a5fde8d.htm,关于2020届毕业生免试攻读研究生推荐工作安排的通知,（转教务处）
52,2019/7/26,chem.ruc.edu.cn,http://chem.ruc.edu.cn/tzgg/zsdt/c789355d521a46108abbf1f698f697d0.htm,关于2020届毕业生免试攻读研究生推荐工作安排的通知,（转教务处）
53,2019/7/24,chem.ruc.edu.cn,http://chem.ruc.edu.cn/yjspy/bss/0efec8852cc34123ba9d92bf6c60a65d.htm,化学系2019级博士生培养方案-直博,
54,2019/7/24,chem.ruc.edu.cn,http://chem.ruc.edu.cn/yjspy/bss/2689b0831535433fa6dcd2d1266d590b.htm,化学系2019级博士生培养方案-普博,
55,2019/7/14,chem.ruc.edu.cn,http://chem.ruc.edu.cn/xwdt/xspy/baef79f8ebd5489aaa205428074d82a9.htm,中国人民大学理学院化学系第八届全国优秀大学生化学暑期学校成功举办,7月9日-12日，中国人民大学理学院化学系“第八届全国优秀大学生化学暑期学校”顺利举行。
56,2019/7/8,chem.ruc.edu.cn,http://chem.ruc.edu.cn/yjspy/sss/0aa7d50eeb3e43b18563bc6ec0f74b4c.htm,硕士研究生培养方案-物理化学,下载：专业培养方案-物理化学
57,2019/7/8,chem.ruc.edu.cn,http://chem.ruc.edu.cn/yjspy/sss/5a8e3ac7d6454f1aa5cd192c7f060999.htm,硕士研究生培养方案-有机化学,专业培养方案有机
58,2019/7/8,chem.ruc.edu.cn,http://chem.ruc.edu.cn/yjspy/sss/3f92b713ba054a2d980f184602aeff0b.htm,硕士研究生培养方案-高分子化学与物理,下载：专业培养方案-高分子化学与物理
59,2019/7/8,chem.ruc.edu.cn,http://chem.ruc.edu.cn/yjspy/sss/a27d59e8630d4fd3a66137119557fbca.htm,硕士研究生培养方案-无机化学,下载：专业培养方案-无机化学
60,2019/7/8,chem.ruc.edu.cn,http://chem.ruc.edu.cn/yjspy/sss/8ad326510e4147c784355ff64927c689.htm,硕士研究生培养方案-分析化学,下载：专业培养方案2019-分析化学
61,2019/7/6,chem.ruc.edu.cn,http://chem.ruc.edu.cn/xwdt/xscg/63b53ef4cd1f4160bae4297d347e4ca6.htm,《先进功能材料》报道化学系王亚培课题组光热重要进展,石油是世界上最主要的能源，根据世界能源总署的报告，目前世界上所消耗的一次能源中三分之一是由石油提供，同时石油也是重要化工原料，被誉为“工业的血液”。目前最主要的石油运输方式是管道运输，但许多石油产地分布在高纬度地区，如俄罗斯，我国大庆和新疆地区等，这些地区常年处于低温环境，使得石油非常粘稠，不利于管道运输，而且随着开采程度的逐渐加深，石油含蜡量逐渐增大，部分石油甚至需要加热到35oC才能自然流动，这些因素使得石油管道运输效率很低，并且存在堵塞甚至爆炸的风险。
62,2019/7/1,chem.ruc.edu.cn,http://chem.ruc.edu.cn/xsfz/jlxx/fa2db2af091d403580e3b25f9b55608a.htm,理学英才-科研发表专项奖学金获奖名单新鲜出炉,中国人民大学理学英才奖学金是理学院设立的第一个院级奖学金。该项目资金来自于中国人民大学教育基金会所接受捐赠的五粮液教育基金。该奖项颁发给品学兼优，并在科学研究、理论创新方面表现突出的学生。
63,2019/6/24,chem.ruc.edu.cn,http://chem.ruc.edu.cn/tzgg/zsdt/528de234874a467a89d7a34ddb1dd794.htm,2019年暑期学校日程,7月9日星期二 地点：中国人民大学理工楼一层大厅
64,2019/6/21,chem.ruc.edu.cn,http://chem.ruc.edu.cn/xsfz/gzzd/414572101b4046dd9eb6161051a20979.htm,化学系本科生“顶尖化学人才培育计划”项目方案（草案）,化学是自然科学的基础学科，大力建设和发展化学学科将有力促进文理交叉融合，拓宽人才培养专业覆盖面，培养适应国家建设与社会发展的栋梁之才。化学系承担我校理工学科的基础化学教学，开设面向全校本科生的通识课程，并且为相关院系提供理化测试等技术支持，在落实通识人才培养战略，促进学校整体学科发展中发挥着重要作用。经过十多年建设，化学学科基本实现了学校“高起点，入主流，相关联”以及“精干理工科”的建设目标，成长为学校“双一流”建设的重要支撑学科。
65,2019/6/21,chem.ruc.edu.cn,http://chem.ruc.edu.cn/tzgg/zdgl/59e1994091d648498a1b459b230f2ca4.htm,化学系本科生“顶尖化学人才培育计划”项目方案（草案）,化学是自然科学的基础学科，大力建设和发展化学学科将有力促进文理交叉融合，拓宽人才培养专业覆盖面，培养适应国家建设与社会发展的栋梁之才。化学系承担我校理工学科的基础化学教学，开设面向全校本科生的通识课程，并且为相关院系提供理化测试等技术支持，在落实通识人才培养战略，促进学校整体学科发展中发挥着重要作用。经过十多年建设，化学学科基本实现了学校“高起点，入主流，相关联”以及“精干理工科”的建设目标，成长为学校“双一流”建设的重要支撑学科。
66,2019/6/18,chem.ruc.edu.cn,http://chem.ruc.edu.cn/tzgg/zsdt/bab623dbc91f40788fbbcd6f0b206bc8.htm,2019年化学系暑期学校录取名单,
67,2019/6/8,chem.ruc.edu.cn,http://chem.ruc.edu.cn/xsfz/xydt/31d2fc9e428249e7a440e472e551154b.htm,我系2007级硕士生郭兴伟入职清华大学,我系2007级硕士生郭兴伟，2007年毕业于河北工业大学应用化学系，同年进入中国人民大学化学系李志平教授实验室，于2010年取得硕士学位。随后赴德国慕尼黑大学化学系学习，进入国际著名物理有机化学家HerbertMayr教授实验室攻读博士学位，从事醌的反应动力学及机理研究。2014年获得博士学位后进入法国国家科学研究中心（CNRS）SamirZ.Zard教授实验室开展博士后研究，研究方向为自由基化学。2015年进入瑞士巴塞尔大学化学系OliverS.Wenger教授实验室，从事光诱导电子转移方面的博士后研究。2019年回国加入清华大学基础分子科学中心，开展独立研究工作。郭兴伟博士曾获2009年中国人民大学优秀硕士学位论文，2014年德国慕尼黑大学Römer基金会优秀博士生奖，德国慕尼黑大学最高荣誉博士学位。
68,2019/5/28,chem.ruc.edu.cn,http://chem.ruc.edu.cn/xsjl/xn/128a8893956540f4a1003af830817a75.htm,Extending the horizon of physical chemistry to cell biology,
69,2019/5/28,chem.ruc.edu.cn,http://chem.ruc.edu.cn/xsjl/xn/8e12b5cf459840fab9344aed8f298c45.htm,高效稳定的钙钛矿太阳能电池,
70,2019/5/27,chem.ruc.edu.cn,http://chem.ruc.edu.cn/dtgz/gh/a151cda1daef47efb420624775e024d1.htm,喜报：理学院化学系张璞老师获评2019年中国人民大学教学标兵奖，物理系夏天龙老师获评2019年中国人民大学教学标兵提名奖,恭喜理学院化学系张璞老师获评2019年中国人民大学教学标兵奖，物理学系夏天龙老师获评2019年中国人民大学教学标兵提名奖。
71,2019/5/23,chem.ruc.edu.cn,http://chem.ruc.edu.cn/xsjl/xn/a045f76804784590b70fcf4b8674f560.htm,天然与人工光合体系中的量子相干能量转移/电子转移,
72,2019/5/23,chem.ruc.edu.cn,http://chem.ruc.edu.cn/xsjl/xn/c0b9118e313148edb6dc0bf37b6a1b90.htm,植物光合作用非光化学保护机理研究,
73,2019/5/22,chem.ruc.edu.cn,http://chem.ruc.edu.cn/tzgg/zsdt/31f082bab3a54b8da84a825b16de812b.htm,中国人民大学2019年博士生复试成绩公示表,
74,2019/5/20,chem.ruc.edu.cn,http://chem.ruc.edu.cn/xwdt/txzx/581d3a08b5f045b9b38e1f46cb942a52.htm,读史辩论赛圆满结束,2019年5月19日12：30，理学院读史辩论赛在明德法学楼0202教室举行，双方辩手就“孙悟空的结局是喜剧/悲剧”展开了激烈的辩论。
75,2019/5/20,chem.ruc.edu.cn,http://chem.ruc.edu.cn/xsfz/txxx/dbe5ea11c0b34277a97860a90f37de30.htm,读史辩论赛圆满结束,2019年5月19日12：30，理学院读史辩论赛在明德法学楼0202教室举行，双方辩手就“孙悟空的结局是喜剧/悲剧”展开了激烈的辩论。
76,2019/5/15,chem.ruc.edu.cn,http://chem.ruc.edu.cn/tzgg/zsdt/dd1d58c4539140298c2cb2397f5f7ebc.htm,第八届全国优秀大学生化学暑期学校招生简章,"中国人民大学化学系成立于2004年7月。在短短十几年的时间内已发展成为一个“小、精、尖”型的化学系（关于导师及其研究方向，请浏览我系主页：http://chem.ruc.edu.cn）。化学系现设有一个化学本科专业,拥有化学硕士一级学科，并设有物理化学、无机化学、有机化学、分析化学和高分子化学五个二级学科；从2008年开始以化学专业学科招收博士生。从2012年开始招收直博生。"
77,2019/5/13,chem.ruc.edu.cn,http://chem.ruc.edu.cn/xsjl/xn/a37a9f9c2bb8454aaf01e6bff9652a7d.htm,Porous Ionic Liquids: Challenges and Opportunities,
78,2019/5/7,chem.ruc.edu.cn,http://chem.ruc.edu.cn/xsjl/xn/d2c734277ffe47519ccf2086b4a91c38.htm,有机光伏材料的分子设计,
79,2019/4/18,chem.ruc.edu.cn,http://chem.ruc.edu.cn/xsjl/xn/7ea6af5681ba47eaa9ed8828fb474657.htm,离子液体与绿色化工,
80,2019/4/18,chem.ruc.edu.cn,http://chem.ruc.edu.cn/xsjl/xn/2cc207780e41405cbf1469eb7e3ebd41.htm,Designing Hybrid Electrodes to Dictate Oxygen Reduction Product Selectivity,
81,2019/4/15,chem.ruc.edu.cn,http://chem.ruc.edu.cn/dtgz/gh/2f93b1b4d96b4d159e64d00d055aa8cd.htm,理学院工会组织学院教职工赴颐和园开展健步走活动,2019年4月12日下午，在浓浓的春意中，理学院工会组织学院教职工赴颐和园开展健步走活动。此次活动作为中国人民大学理学院教职工建家项目的一部分，集踏青、赏春、运动、交流于一体，活动得到了理学院三个系教职工的积极响应与参与。
82,2019/4/12,chem.ruc.edu.cn,http://chem.ruc.edu.cn/xsjl/xn/f8ce7ad4797f45faa1e2f1abd385e1bb.htm,假根羽藻和硅藻主要捕光天线复合体的结构与功能研究,
83,2019/4/12,chem.ruc.edu.cn,http://chem.ruc.edu.cn/xsjl/xn/21ed17d9105e4a64b15be1f470d1506c.htm,细菌核心捕光天线及反应中心(LH1-RC)复合体的结构与功能研究,
84,2019/4/12,chem.ruc.edu.cn,http://chem.ruc.edu.cn/tzgg/zsdt/f932f2a8ab0d46bfa44f05f68a6d1e45.htm,2019年博士研究生复试通知,复试名单中的各位同学：
85,2019/3/23,chem.ruc.edu.cn,http://chem.ruc.edu.cn/tzgg/zsdt/1d8826ff07964d14b05356de931efb71.htm,2019年人大化学系硕士研究生调剂复试名单,姓名
86,2019/3/22,chem.ruc.edu.cn,http://chem.ruc.edu.cn/tzgg/zsdt/cb392c2f25c2422abb50e27d9cd01aa7.htm,中国人民大学化学系2019年硕士研究生调剂招生公告,
87,2019/3/21,chem.ruc.edu.cn,http://chem.ruc.edu.cn/xwdt/xscg/55bee36db5fa4ed78817c9a0a360da0e.htm,《自然•通讯》报道化学系王亚培课题组重要进展,近日，理学院化学系王亚培课题组在液态电子器件领域取得重要进展，相关研究成果以“Crystal-confinedfreestandingionicliquidsforreconfigurableandrepairableelectronics”为题发表在国际顶级期刊《自然•通讯》上。
88,2019/3/20,chem.ruc.edu.cn,http://chem.ruc.edu.cn/xsfz/txxx/6e572cbd2a774b7294be1816b392ddb2.htm,人大七年，13篇SCI！他如何从“学术小白”逆袭为“科研大神”？,在校期间发表13篇SCI论文
89,2019/3/20,chem.ruc.edu.cn,http://chem.ruc.edu.cn/xsfz/jlxx/eb0f2747f28e4ffd8f7325f3f7e2f4c3.htm,人大七年，13篇SCI！他如何从“学术小白”逆袭为“科研大神”？,在校期间发表13篇SCI论文
90,2019/3/20,chem.ruc.edu.cn,http://chem.ruc.edu.cn/xwdt/txzx/bb1165fd0c55410b97b790f4b37d780b.htm,人大七年，13篇SCI！他如何从“学术小白”逆袭为“科研大神”？,在校期间发表13篇SCI论文
91,2019/3/16,chem.ruc.edu.cn,http://chem.ruc.edu.cn/xsfz/txxx/03b8ae43c81a4b9d99403fa9d5803e8d.htm,化学系研究生成立实验室安全与文明建设促进会,为完善中国人民大学化学系实验室安全管理体系，落实安全防范责任制，保障化学系研究生的权益和人身安全，促进实验室文明建设，在化学系系务会倡议下，化学系研究生近日成立了实验室安全与文明建设促进委员会，并制定了相关章程。该委员会将在化学系系务会和实验室安全与运行规范管理委员会的指导下开展工作，为化学系的实验室安全与文明建设发挥作用。
92,2019/3/16,chem.ruc.edu.cn,http://chem.ruc.edu.cn/tzgg/aqjc/aaa128b551ce4a2999fce153580765ff.htm,化学系研究生成立实验室安全与文明建设促进会,为完善中国人民大学化学系实验室安全管理体系，落实安全防范责任制，保障化学系研究生的权益和人身安全，促进实验室文明建设，在化学系系务会倡议下，化学系研究生近日成立了实验室安全与文明建设促进委员会，并制定了相关章程。该委员会将在化学系系务会和实验室安全与运行规范管理委员会的指导下开展工作，为化学系的实验室安全与文明建设发挥作用。
93,2019/3/6,chem.ruc.edu.cn,http://chem.ruc.edu.cn/tzgg/zsdt/bd2c892a70e14c90b525e3725502859e.htm,化学系2019级硕士研究生复试名单及办法,
94,2019/2/28,chem.ruc.edu.cn,http://chem.ruc.edu.cn/xsfz/gzzd/6bac43be8c0f4917a3b8038f74ec42ea.htm,中国人民大学本科生学籍管理规定（2019年修订）,
95,2019/2/15,chem.ruc.edu.cn,http://chem.ruc.edu.cn/tzgg/zsdt/4caa8451d0134e7089b26cb059cf9f8c.htm,“申请-考核制”博士生报名注意事项,
96,2019/1/18,chem.ruc.edu.cn,http://chem.ruc.edu.cn/xwdt/xscg/f048c331ecd84624bba3ed31f6fd949c.htm,FAI后处理降低薄膜缺陷提高钙钛矿太阳能电池性能,
97,2019/1/18,chem.ruc.edu.cn,http://chem.ruc.edu.cn/xwdt/xscg/7ab4606f7c2a47e099a22d1ec1aa3422.htm,无损、实时可视化检测植物摄取和输运塑料纳米颗粒的过程,
98,2018/12/18,chem.ruc.edu.cn,http://chem.ruc.edu.cn/xwdt/djzt/8deedf543c884600bbcefeeb5ed01a5e.htm,化学系党支部学习习近平总书记在全国教育大会上的重要讲话,
99,2018/12/18,chem.ruc.edu.cn,http://chem.ruc.edu.cn/dtgz/dj/6d01dcb450ea46eb9400b49e1f7ce8fd.htm,化学系党支部学习习近平总书记在全国教育大会上的重要讲话,
100,2018/12/15,chem.ruc.edu.cn,http://chem.ruc.edu.cn/xsfz/xydt/559357c935744718b23a8853076cf23f.htm,我系2005级硕士孙庆福获2018年国家自然科学基金委杰出青年基金资助,恭喜我系2008年毕业硕士生孙庆福获得2018年国家自然科学基金委杰出青年基金资助。孙庆福在我校硕士毕业时或人大优秀硕士毕业论文，硕士毕业后于2011年在日本东京大学获博士学位，2014年起就职于中科院福建物构所，任研究员。
101,2018/12/13,chem.ruc.edu.cn,http://chem.ruc.edu.cn/xsfz/txxx/3b9f25ba9385407eb17fa3e154e59795.htm,学术演讲比赛决赛圆满落幕！,中国人民大学理学院第二届学术演讲比赛于本周三下午，在1302教室成功举行！理学院全体本、硕、博同学和部分兄弟院校的研究生同学进行了现场观摩。理学院党委书记杨燕萍，理学院副院长、化学系主任张建平老师，理学院党委副书记臧虹，理学院团委书记李想，化学系研究生教务老师高玉红，他们与各专业的点评老师共同组成打分评委团。担任本场比赛的现场点评老师是分别来自理学院三个系的专业老师，他们是物理系张芃教授、王善才教授、魏建华教授，化学系艾希成教授、王鹏副教授、罗红霞副教授，心理系雷雳教授、陈晓晨讲师。应邀出席比赛的还有北京大学研会主席夏陈马雅、清华大学研会副主席刘志方、中科院理化所研会副主席杨亚杰、环境学院研会主席李胜红、中国人民大学校研会学术部部长王东升及干事潘裴豪、高君恒，他们与理学院学生会代表、理学院研究生会主席共同组成人气评审团。
102,2018/12/13,chem.ruc.edu.cn,http://chem.ruc.edu.cn/xwdt/txzx/80272518b6054082ad47bb02cca185a6.htm,学术演讲比赛决赛圆满落幕！,中国人民大学理学院第二届学术演讲比赛于本周三下午，在1302教室成功举行！理学院全体本、硕、博同学和部分兄弟院校的研究生同学进行了现场观摩。理学院党委书记杨燕萍，理学院副院长、化学系主任张建平老师，理学院党委副书记臧虹，理学院团委书记李想，化学系研究生教务老师高玉红，他们与各专业的点评老师共同组成打分评委团。担任本场比赛的现场点评老师是分别来自理学院三个系的专业老师，他们是物理系张芃教授、王善才教授、魏建华教授，化学系艾希成教授、王鹏副教授、罗红霞副教授，心理系雷雳教授、陈晓晨讲师。应邀出席比赛的还有北京大学研会主席夏陈马雅、清华大学研会副主席刘志方、中科院理化所研会副主席杨亚杰、环境学院研会主席李胜红、中国人民大学校研会学术部部长王东升及干事潘裴豪、高君恒，他们与理学院学生会代表、理学院研究生会主席共同组成人气评审团。
103,2018/11/21,chem.ruc.edu.cn,http://chem.ruc.edu.cn/xsjl/xn/02ad55b18fd849d6a480352dd9235907.htm,2D Materials for Electrocatalysis and Photocatalysis,
104,2018/11/21,chem.ruc.edu.cn,http://chem.ruc.edu.cn/dtgz/gh/5d3cbe54f0034f6ba45295411eef3624.htm,祝贺我系王亚培教授获2018年度国家杰出青年科学基金资助,近日，在2018年度国家自然科学基金评审结果中，中国人民大学化学系教授王亚培入选国家杰出青年科学基金项目，这是中国人民大学今年该项目的唯一入选者，也是继物理学系教授卢仲毅之后，中国人民大学培养的第二位理工学科国家杰青获得者。
105,2018/11/21,chem.ruc.edu.cn,http://chem.ruc.edu.cn/xwdt/xscg/2bcf597dc6a7463a8a6ac119c83e8ca0.htm,祝贺我系王亚培教授获2018年度国家杰出青年科学基金资助,近日，在2018年度国家自然科学基金评审结果中，中国人民大学化学系教授王亚培入选国家杰出青年科学基金项目，这是中国人民大学今年该项目的唯一入选者，也是继物理学系教授卢仲毅之后，中国人民大学培养的第二位理工学科国家杰青获得者。
106,2018/11/16,chem.ruc.edu.cn,http://chem.ruc.edu.cn/tzgg/zdgl/1de80709e155468a9d6b408e6913ef9a.htm,化学系2018-2019学年秋季学期博士学位论文答辩,1、题目：   新型金属有机杯芳烃的自组装和阴离子功能调控
107,2018/11/14,chem.ruc.edu.cn,http://chem.ruc.edu.cn/xsjl/xn/cec0f52c2dd145399a21165427bf0cd7.htm,离子液体和低共熔溶剂分离酚 、 芳烃 和脂肪烃混合物,
108,2018/11/8,chem.ruc.edu.cn,http://chem.ruc.edu.cn/dtgz/gh/088dce5b257349ef97c20ded53303db7.htm,恭喜慕成老师获得中国人民大学2017-2018学年“十佳班主任”,为认真总结班主任工作经验，促进班主任工作交流，展示班主任工作风采，学校通过各学院评选推荐、学校组织公开评选，现评出2017—2018学年“十佳班主任”10人、“十佳班主任”提名奖12人。现面向全校进行公示，名单如下：
109,2018/11/8,chem.ruc.edu.cn,http://chem.ruc.edu.cn/xwdt/txzx/5086d6a90fd544fa9fcd2b81a5a1f5f9.htm,恭喜慕成老师获得中国人民大学2017-2018学年“十佳班主任”,为认真总结班主任工作经验，促进班主任工作交流，展示班主任工作风采，学校通过各学院评选推荐、学校组织公开评选，现评出2017—2018学年“十佳班主任”10人、“十佳班主任”提名奖12人。现面向全校进行公示，名单如下：
110,2018/11/2,chem.ruc.edu.cn,http://chem.ruc.edu.cn/xwdt/txzx/265e1b812cc541db83edcbcacc8e193e.htm,张璞：做学生的“亲友团”,
111,2018/11/2,chem.ruc.edu.cn,http://chem.ruc.edu.cn/dtgz/gh/04f2080c49324da2b6920c1ace7af53d.htm,张璞：做学生的“亲友团”,
112,2018/10/23,chem.ruc.edu.cn,http://chem.ruc.edu.cn/tzgg/zsdt/b586e79bfe654ffeaadac1dcadf597fa.htm,理学院化学系2019年“申请-考核制”博士生招生工作方案,为加强对考生以往学习情况、科研水平、学术成绩的考评，强化对考生创新能力、学术潜力和学术兴趣的考察，充分发挥学院和导师在博士生选拔过程中的自主权，探索符合化学学科及各层次创新拔尖人才选拔特点的博士生人才选拔模式，根据学校相关规定，特制定本方案。
113,2018/10/22,chem.ruc.edu.cn,http://chem.ruc.edu.cn/xsjl/xn/3b169c7d51f94fcf8ab1d954320cf91d.htm,Polymers at synthetic and biological surfaces,
114,2018/10/22,chem.ruc.edu.cn,http://chem.ruc.edu.cn/dtgz/gh/ebad2122e47a4e318e9a3b618a246e8e.htm,张建平教授：厚基础、树特色、促创新，建设一流化学学科,
115,2018/10/22,chem.ruc.edu.cn,http://chem.ruc.edu.cn/xsjl/xn/bd24d4910be14c9ba11598c148d4b57b.htm,Combination of NanoSIMS with electrochemical methods to understand the chemical structure of neurotransmitter vesicles and neurotransmission,
116,2018/10/16,chem.ruc.edu.cn,http://chem.ruc.edu.cn/xwdt/xscg/43a0dd9296504e32b380bfe7eb2dd0a7.htm,化学系2010届校友-香港中文大学段丽婷教授访问化学系并作报告,2018年9月26日下午3点，香港中文大学生物医学工程系段丽婷教授在理工楼207会议室为化学系师生作了题为“驾驭光的力量-用光来控制细胞活动”的精彩学术报告。报告由化学系张美宁教授主持。
117,2018/10/10,chem.ruc.edu.cn,http://chem.ruc.edu.cn/xsjl/xn/be3f2a3c58864d74822dd2839e997f14.htm,Enhancement or optimization of energy-transfer  from carotenoid to chlorophyll in photosynthetic antennas,
118,2018/10/10,chem.ruc.edu.cn,http://chem.ruc.edu.cn/xsjl/xn/e2a0ba0541ca48b7bd7024d7ef4f9cde.htm,Function of antenna pigments in photosynthesis,
119,2018/10/8,chem.ruc.edu.cn,http://chem.ruc.edu.cn/tzgg/zsdt/8cabe8ffc4794cffa0408f60e681fcb8.htm,2019年推荐免试生申请攻读我校(理学院化学系)硕士学位研究生复试名单及安排,
120,2018/9/29,chem.ruc.edu.cn,http://chem.ruc.edu.cn/xwdt/djzt/d4c6df1dc659465f9895f3f8190ecbd2.htm,化学系党支部学习2018最新修订版《中国共产党纪律处分条例》,
121,2018/9/29,chem.ruc.edu.cn,http://chem.ruc.edu.cn/dtgz/dj/f4987db35c304bb5a05f3e7074cfb1f4.htm,化学系党支部学习2018最新修订版《中国共产党纪律处分条例》,
122,2018/9/28,chem.ruc.edu.cn,http://chem.ruc.edu.cn/tzgg/zsdt/34a603c083924fdbb3620416a71cabfb.htm,2018年中国人民大学化学系暑期学校优秀学员名单,
123,2018/9/27,chem.ruc.edu.cn,http://chem.ruc.edu.cn/tzgg/zsdt/a08485136d6240cfa463a8a97ec5d3cd.htm,2019年中国人民大学化学系接收推荐免试研究生工作办法,根据教育部有关推荐免试生招生文件规定和精神，结合“中国人民大学2019年接收推荐免试研究生工作办法”，为做好中国人民大学接收优秀应届本科毕业生免试攻读硕士、博士学位研究生（以下简称推免生）工作，特制定本办法。
124,2018/9/18,chem.ruc.edu.cn,http://chem.ruc.edu.cn/xsjl/xn/04aec0b607334f63ab4f5d7ac0c0c486.htm,驾驭光的力量： 用光来控制细胞活动,
125,2018/9/14,chem.ruc.edu.cn,http://chem.ruc.edu.cn/xsjl/xn/9c91a5a6bf6549e595d0626089ecde46.htm,金属酶反应机理的理论研究,
126,2018/9/7,chem.ruc.edu.cn,http://chem.ruc.edu.cn/xwdt/xscg/cf022f5305a2472295bfbfd5cebfa5c5.htm,实时、无损、活体生物影像技术进展,化学系与北京大学化学与分子工程学院共同承担的国家重大仪器设备研制专项《时间分辨双光子激发活体荧光成像》于2018年1月通过自然科学基金委组织的专家验收。该装置在化学系功能分子与材料动态结构研究中心研制成功，具有无损、大视场、可视化分析活体生物内载药体的分布、滞留、清除等动力学过程的能力，而且消除了生物组织自发荧光的干扰以及激光辐照带来的热效应。该装置可以实时监测模型动、植物体内纳米载药体的药代过程，预期将有效促进用于纳米医学的载药体的研发。（详见ReviewofScientificInstruments2018，89，085105；doi:10.1063/1.5026852）。
127,2018/9/1,chem.ruc.edu.cn,http://chem.ruc.edu.cn/xsfz/gzzd/8596f14b99a645a5ab74edd6b2b5e011.htm,中国人民大学本科学生校级公派境外学习项目选拔办法,（转教务处网站，修订版，适用于2018年9月后的选拔项目）
128,2018/9/1,chem.ruc.edu.cn,http://chem.ruc.edu.cn/xsfz/gjjl/fa197461733a4e079bee37cb474ad2be.htm,中国人民大学本科学生校级公派境外学习项目选拔办法,（转教务处网站，修订版，适用于2018年9月后的选拔项目）
129,2018/8/3,chem.ruc.edu.cn,http://chem.ruc.edu.cn/xsfz/gzzd/c5421a106df548cd848326cc2f630d84.htm,关于《中国人民大学优秀应届本科毕业生免试攻读研究生推荐工作实施办法》（修订）的补充规定,关于《中国人民大学优秀应届本科毕业生免试攻读研究生推荐工作实施办法》（修订）的补充规定
130,2018/7/31,chem.ruc.edu.cn,http://chem.ruc.edu.cn/xwdt/txzx/1a858f9a6e78440ca34bc755b6e58c4a.htm,“双青优培”项目赴日交流学习活动（三）——神户大学与大阪市立大学访学,
131,2018/7/31,chem.ruc.edu.cn,http://chem.ruc.edu.cn/xwdt/txzx/81b5fcbb43bd429e8162a4dd92a5ac3e.htm,“双青优培”项目赴日交流学习活动（二）——关西学院大学访学,
132,2018/7/31,chem.ruc.edu.cn,http://chem.ruc.edu.cn/xwdt/txzx/ecd19fac80c9440ea7405b8b7719c716.htm,“双青优培”项目赴日交流学习活动（四）——大阪大学访学,2018年7月28日上午，中国人民大学理学院“双青优培”科技英才成长支持计划（以下简称“双青优培”项目）访问组前往本次访学活动的最后一站——大阪大学(OsakaUniversity)工学研究科，应用物理学系进行参观交流。大阪大学是一所本部位于日本大阪府吹田市的日本顶尖、世界一流的著名研究型国立综合大学，综合实力日本第三，在全球都享有很高声望。
133,2018/7/30,chem.ruc.edu.cn,http://chem.ruc.edu.cn/xwdt/txzx/a0022d39a850486eb3b52af0b96a66b9.htm,“双青优培”项目赴日交流学习活动（一）——行前筹备交流顺利完成,
134,2018/7/16,chem.ruc.edu.cn,http://chem.ruc.edu.cn/dtgz/dj/55aa6d686ee74929a1fb9866ddef9cfc.htm,化学系党支部参加理学院“不忘初心牢记使命”专题教育实践活动,为深入学习贯彻落实党的十九大精神，以改革创新精神和求真务实作风全面加强学院党组织建设，大力弘扬党的优良传统和作风，值中国共产党成立97周年生日来临之际，理学院党委于2018年6月30日至7月4日赴福建闽西原中央革命根据地，开展了以“不忘初心牢记使命”为主题的教育培训实践活动。活动由院党委书记杨燕萍、党委副书记臧虹带队化学系教工党支部副书记秦玉军、朱克然、耿硕、罗红霞、郁志勇、杜为红、高玉红共7人参与。
135,2018/7/16,chem.ruc.edu.cn,http://chem.ruc.edu.cn/xwdt/djzt/fd3a46da56134e0fa4a614110ec388d7.htm,化学系党支部参加理学院“不忘初心牢记使命”专题教育实践活动,为深入学习贯彻落实党的十九大精神，以改革创新精神和求真务实作风全面加强学院党组织建设，大力弘扬党的优良传统和作风，值中国共产党成立97周年生日来临之际，理学院党委于2018年6月30日至7月4日赴福建闽西原中央革命根据地，开展了以“不忘初心牢记使命”为主题的教育培训实践活动。活动由院党委书记杨燕萍、党委副书记臧虹带队化学系教工党支部副书记秦玉军、朱克然、耿硕、罗红霞、郁志勇、杜为红、高玉红共7人参与。
136,2018/7/15,chem.ruc.edu.cn,http://chem.ruc.edu.cn/xsfz/xydt/3a4d93f6a5f44834849373dc5294d2cf.htm,我系2006级硕士唐明学入职北京高压科学研究中心,唐明学研究员，2006年浙江大学化学系基地班毕业后保送至攻读化学硕士学位；2009-2013在德国政府奖学金支持下从北威州光电研究所攻读博士；2013-2018年先后在欧洲高场核磁共振中心，里昂高师，瑞典阿斯利康研发总部，法国科学院，美国国家强磁场实验室开展博士后工作。部分科研成果已在Nat.Commun.、JACS、Angew.Chem.、JPCL、CM、JMCA等期刊发表。其课题组研究主要包括硬件和软件两部分，硬件部分包涵电池器件设计，高压原位设计及核磁共振的探头设计改装，贯穿能源功能材料的合成，表征及应用。以及在多学科交叉领域做出突破性创新，期间将与国内外一流课题组紧密合作。
137,2018/7/15,chem.ruc.edu.cn,http://chem.ruc.edu.cn/xsfz/xydt/50492490ff2d440a9ce1ecbb739e8a29.htm,我系2006级本科生段丽婷入职香港中文大学,我系2010年毕业本科生段丽婷，2016年于斯坦福大学获博士学位，师从ProfessorBianxiaoCui；2016-2018年在斯坦福大学继续进行博士后研究。2018年7月起担任香港中文大学生物医学工程系助理教授。至今在NatureCommunications、Chem&Bio等国际著名杂志上发表论文11篇。其研究致力于开发远程、无创的技术来控制一些重要的细胞内过程。
138,2018/7/11,chem.ruc.edu.cn,http://chem.ruc.edu.cn/ywsy/NEWS/Academicachievements/0162a220fd364dc98f36c631b176c969.htm,Progress in Prof. Li’s group: Total Synthesis of Clavilactone Family Members,"Organicperoxideshavereceivedconsiderableattentioninpharmacy,biochemistryandfoodchemistrybecauseoftheircloserelationshipwithdrugdesign,celldamage,andfoodsafety.Organicperoxidesalsoplayaskeyreactiveintermediatesinsyntheticchemistry.However,theestablishedmethodshavemore-limitedscope.Therefore,newperoxidationmethodsarehighlydesirableandvaluable."
139,2018/7/11,chem.ruc.edu.cn,http://chem.ruc.edu.cn/ywsy/NEWS/All/f58837ef4b2240e7b662278ba838905d.htm,Progress in Prof. Li’s group: Total Synthesis of Clavilactone Family Members,"Organicperoxideshavereceivedconsiderableattentioninpharmacy,biochemistryandfoodchemistrybecauseoftheircloserelationshipwithdrugdesign,celldamage,andfoodsafety.Organicperoxidesalsoplayaskeyreactiveintermediatesinsyntheticchemistry.However,theestablishedmethodshavemore-limitedscope.Therefore,newperoxidationmethodsarehighlydesirableandvaluable."
140,2018/7/2,chem.ruc.edu.cn,http://chem.ruc.edu.cn/tzgg/zsdt/5c9b146a66c34f9487cc3fa1feddb438.htm,2017年暑期学校日程,7月10日星期一 地点：中国人民大学理工楼一层大厅
141,2018/6/28,chem.ruc.edu.cn,http://chem.ruc.edu.cn/tzgg/zsdt/6ef600ec01714787bbe9d72fef96c785.htm,中国人民大学化学系2018年暑期学校日程,7月17日星期二 地点：中国人民大学理工楼一层大厅
142,2018/6/25,chem.ruc.edu.cn,http://chem.ruc.edu.cn/ywsy/LECTURE/Inschool/0951f84eb0bf4e249c15cfc82a2b99e1.htm,"Toward next -generation organic solar cells that are effcient, low-cost and environmentally friendly",
143,2018/6/21,chem.ruc.edu.cn,http://chem.ruc.edu.cn/xsjl/xn/e74bb939e5ab4a11bc74eeb5ac7500c9.htm,"Toward next -generation organic solar cells that are effcient, low-cost and environmentally friendly",
144,2018/6/20,chem.ruc.edu.cn,http://chem.ruc.edu.cn/tzgg/zsdt/a3656e6ffe814c6eb3c864e0fc88d15f.htm,暑期学校初选名单及信息确认,非京籍名单（提供住宿）：
145,2018/6/15,chem.ruc.edu.cn,http://chem.ruc.edu.cn/xsfz/xydt/96a521a6bfaa4aa396795af1e2ece229.htm,我系2006级硕士生冯训达入职东华大学,冯训达2009年获我系硕士学位，2013年获哥廷根大学物理系博士学位，随后在耶鲁大学进行博士后研究，于2018年6月入职东华大学先进低维材料中心特聘研究员。其研究围绕软物质（高分子、液晶、胶体）结构、动态、功能、聚合物纳米图样化、非传统聚合物水处理膜的开发、用于软物质科学研究的X-射线散射技术等展开。
146,2018/6/5,chem.ruc.edu.cn,http://chem.ruc.edu.cn/ywsy/LECTURE/Inschool/246e23e34a7b4c2fad93143b0c7f485c.htm,Stable Carbenes and Related Species as Powerful Tools,
147,2018/6/5,chem.ruc.edu.cn,http://chem.ruc.edu.cn/ywsy/LECTURE/Inschool/873243c399194fcc8284492dc1fd8659.htm,Electrocatalysis for Energy and Electrosynthesis,
148,2018/5/30,chem.ruc.edu.cn,http://chem.ruc.edu.cn/xsjl/xn/f7776c0b211249eeb5969ca0e6d1b60d.htm,Electrocatalysis for Energy and Electrosynthesis,
149,2018/5/30,chem.ruc.edu.cn,http://chem.ruc.edu.cn/xsjl/xn/5927259dec9447e5be2e919ea15863a4.htm,Stable Carbenes and Related Species as Powerful Tools,
150,2018/5/29,chem.ruc.edu.cn,http://chem.ruc.edu.cn/tzgg/zsdt/10279cbd17de456895ea25b0d587160b.htm,化学系2018年拟录取博士研究生名单,
151,2018/5/15,chem.ruc.edu.cn,http://chem.ruc.edu.cn/xsjl/xn/ec755f77ca03440e9d54a79c11ac4ff8.htm,New Reactivity Modes of Nitrones and Hydroxylamines,
152,2018/5/15,chem.ruc.edu.cn,http://chem.ruc.edu.cn/tzgg/zsdt/a6096b6c7da74337a35dfbfb70503442.htm,第七届全国优秀大学生化学暑期学校招生简章,"中国人民大学化学系成立于2004年7月。在短短十几年的时间内已发展成为一个“小、精、尖”型的化学系（关于导师及其研究方向，请浏览我系主页：http://chem.ruc.edu.cn）。化学系现设有一个化学本科专业,拥有化学硕士一级学科，并设有物理化学、无机化学、有机化学、分析化学和高分子化学五个硕士培养方向；从2008年开始以化学专业学科招收博士生。从2012年开始招收直博生。"
153,2018/4/28,chem.ruc.edu.cn,http://chem.ruc.edu.cn/tzgg/zsdt/5358e09ee94445379ddde95fb69660c7.htm,化学系2018年博士生复试成绩公示,
154,2018/4/13,chem.ruc.edu.cn,http://chem.ruc.edu.cn/tzgg/zsdt/95c40b0f03cd4d129af27efe42db78df.htm,2018年化学系申请审核制博士生复试办法及复试名单,
155,2018/4/12,chem.ruc.edu.cn,http://chem.ruc.edu.cn/xsjl/xn/38e5f834fe144b9abaa92c34b7a86c9d.htm,"Ultrafast dynamics in molecules, SURMOF, organic  crystals, graphene",
156,2018/4/12,chem.ruc.edu.cn,http://chem.ruc.edu.cn/xsjl/xn/bfecb065ae5a4129908d8233e921f3c1.htm,Ultrafast Electron Transfer for Energy and the  Environment,
157,2018/4/10,chem.ruc.edu.cn,http://chem.ruc.edu.cn/xsjl/xn/50f5c9de51c84dad8a22ba1fefd4de4c.htm,Wiley科技论文的写作与发表,
158,2018/3/21,chem.ruc.edu.cn,http://chem.ruc.edu.cn/tzgg/zsdt/6096151e77224bbcafde1550f1a476c3.htm,化学系2018年硕士研究生复试名单及办法(调剂),一、化学系2018年硕士研究生（调剂考生）复试名单
159,2018/3/2,chem.ruc.edu.cn,http://chem.ruc.edu.cn/tzgg/zsdt/2c2dd43f92354c7cb36eeadd69e1b8da.htm,"理学院化学系2018年 ""申请-审核-复试(综合考试)""制博士生招生工作方案",为加强对考生以往学习情况、科研水平、学术成绩的考评，强化对考生创新能力、学术潜力和学术兴趣的考察，充分发挥学院和导师在博士生选拔过程中的自主权，探索符合化学学科及各层次创新拔尖人才选拔特点的博士生人才选拔模式，根据学校相关规定，特制定本方案。
160,2018/3/2,chem.ruc.edu.cn,http://chem.ruc.edu.cn/yjspy/bss/db3fc87845ed4b938a1c0801bbe77eaa.htm,化学系2017级博士生培养方案-普博,一、培养目标
161,2018/3/2,chem.ruc.edu.cn,http://chem.ruc.edu.cn/tzgg/gjjl1/5c3fe42b49b4444a82b3e01264e20d5d.htm,Science of Synthesis数据库培训通知,ScienceofSynthesis（简称SoS）是德国Thieme出版社推出的有机化学合成方法全文在线参考工具。其全部内容由全球1800多名化学合成领域特邀专家遴选、审核和更新，几乎涵盖了有机化学和有机金属化学整个领域从1800s早期发展至今的所有合成方法。它是全球唯一一个同时包含合成方法、专家评论全文、实验过程以及精准化学反应路线的全文电子资源。
162,2018/3/2,chem.ruc.edu.cn,http://chem.ruc.edu.cn/yjspy/bss/1d06e94638114d7d8d5d17ee1ae66c77.htm,化学系2017级博士生培养方案-直博,一、培养目标
163,2018/1/2,chem.ruc.edu.cn,http://chem.ruc.edu.cn/xsjl/xn/3fae5739f0114f91a1b775ef583e8133.htm,Efficient Photocatalytic H2 Evolution from Water under Visible and NIR Light Irradiation,
164,2017/12/29,chem.ruc.edu.cn,http://chem.ruc.edu.cn/dtgz/dj/22798a56da5c4f26ab1bca9b86de6be5.htm,化学系党支部参观中国人民大学新校区校园规划设计导则展,12月29日中午，中国人民大学化学系教工党支部前往学校博物馆参观学校新校区校园规划设计导则展。
165,2017/12/29,chem.ruc.edu.cn,http://chem.ruc.edu.cn/xwdt/djzt/67fdf8a42b7341dd9e12cd2f904e6f73.htm,化学系党支部参观中国人民大学新校区校园规划设计导则展,12月29日中午，中国人民大学化学系教工党支部前往学校博物馆参观学校新校区校园规划设计导则展。
166,2017/12/11,chem.ruc.edu.cn,http://chem.ruc.edu.cn/xsjl/xn/d5bba8ab80604aaeaf8dcc707870cb5e.htm,Nanoscale Infrared Microscopy with sub 10 nm Spatial Resolution,
167,2017/12/8,chem.ruc.edu.cn,http://chem.ruc.edu.cn/xsjl/xn/f41c3de2a5df49b3810c8d68504c3d70.htm,烯烃的合成，官能化，与复分解,
168,2017/12/4,chem.ruc.edu.cn,http://chem.ruc.edu.cn/xsjl/xn/4753a87968244a0eb7219d41e851e032.htm,anus Bottlebrush Block Copolymers : A Universal Strategy Enabling Access to Ultra-Small Feature Size Phase Separation,
169,2017/11/30,chem.ruc.edu.cn,http://chem.ruc.edu.cn/xwdt/txzx/255c0c100f694b2ea8ca33dcc7fc5d39.htm,理学院首届学术演讲比赛总决赛圆满落幕,2017年11月29日，中国人民大学理学院第一届学术演讲比赛总决赛在1102教室举行。理学院党委书记杨燕萍，理学院副院长、化学系主任张建平，理学院党委副书记臧虹，化学系副主任于安池、秦玉军，团委书记李想亲临比赛现场。物理学专业张芃、徐靖，化学专业艾希成、王鹏，心理学专业陈晓晨、韦庆旺六位老师担任总决赛的特邀点评评委。应邀出席比赛的还有清华大学、北京大学、北京理工大学、北京师范大学、北京化工大学、北京中医药大学等兄弟院校的研会代表，他们与理学院学生会、理学院研究生会主席共同组成嘉宾评委团。同时理学院在校本硕博学生近500人参加了此次活动，现场座无虚席。
170,2017/11/30,chem.ruc.edu.cn,http://chem.ruc.edu.cn/xsfz/txxx/dbe62c297181425285933549f31aa62d.htm,理学院首届学术演讲比赛总决赛圆满落幕,2017年11月29日，中国人民大学理学院第一届学术演讲比赛总决赛在1102教室举行。理学院党委书记杨燕萍，理学院副院长、化学系主任张建平，理学院党委副书记臧虹，化学系副主任于安池、秦玉军，团委书记李想亲临比赛现场。物理学专业张芃、徐靖，化学专业艾希成、王鹏，心理学专业陈晓晨、韦庆旺六位老师担任总决赛的特邀点评评委。应邀出席比赛的还有清华大学、北京大学、北京理工大学、北京师范大学、北京化工大学、北京中医药大学等兄弟院校的研会代表，他们与理学院学生会、理学院研究生会主席共同组成嘉宾评委团。同时理学院在校本硕博学生近500人参加了此次活动，现场座无虚席。
171,2017/11/22,chem.ruc.edu.cn,http://chem.ruc.edu.cn/xwdt/djzt/374a831921d04bc9a5fe5f429a353d84.htm,化学系党支部参观《砥砺奋进的五年成就展》,11月22日下午，化学系党支部前往北京展览馆，参观了由中共中央宣传部、国家发展和改革委员会、中央军委政治工作部和中共北京市委联合举办的“砥砺奋进的五年”大型成就展。
172,2017/11/22,chem.ruc.edu.cn,http://chem.ruc.edu.cn/dtgz/dj/162903450a7e4ac888b1301e0daf239d.htm,化学系党支部参观《砥砺奋进的五年成就展》,11月22日下午，化学系党支部前往北京展览馆，参观了由中共中央宣传部、国家发展和改革委员会、中央军委政治工作部和中共北京市委联合举办的“砥砺奋进的五年”大型成就展。
173,2017/11/3,chem.ruc.edu.cn,http://chem.ruc.edu.cn/tzgg/zsdt/1ed5d7eb9c394cd89b192b94935ee5b0.htm,化学系2018“申请-审核-复试(综合考试)”制博士生招生工作方案,理学院化学系2018年
174,2017/11/2,chem.ruc.edu.cn,http://chem.ruc.edu.cn/tzgg/zsdt/554f368b34f94937ab3452d7608a7349.htm,中国人民大学2018年硕士研究生招生网上报名公告,中国人民大学2018年硕士研究生招生网上报名公告
175,2017/11/2,chem.ruc.edu.cn,http://chem.ruc.edu.cn/tzgg/zsdt/5b95d1b8aab5489dbd8efced5b23251b.htm,中国人民大学2018年博士研究生招生简章,中国人民大学2018年博士研究生招生简章
176,2017/11/2,chem.ruc.edu.cn,http://chem.ruc.edu.cn/tzgg/zsdt/581e61a376b247f78acb9889d4d4565b.htm,中国人民大学2018年硕士研究生招生简章,中国人民大学2018年硕士研究生招生简章
177,2017/11/2,chem.ruc.edu.cn,http://chem.ruc.edu.cn/tzgg/zsdt/f11fceb505904dfa8104a0ce266af9a2.htm,2018年推荐免试生申请攻读我校复试名单,2018年推荐免试生申请攻读我校(理学院化学系)硕士学位研究生复试名单
178,2017/10/25,chem.ruc.edu.cn,http://chem.ruc.edu.cn/dtgz/dj/0a591ce41d1b4a8c9389e39bdec5f60b.htm,化学系党支部大会,金秋时节，全党全国各族人民迎来了中国共产党第十九次全国代表大会，世界的目光再次聚集中国。2017年10月25日下午，随着十九大闭幕，化学系教工党支部在理工楼207会议室召开了本学期第一次支部会议。
179,2017/10/25,chem.ruc.edu.cn,http://chem.ruc.edu.cn/xwdt/djzt/10c0880c85154b7eb4ec31f6f0461cf7.htm,化学系党支部大会,金秋时节，全党全国各族人民迎来了中国共产党第十九次全国代表大会，世界的目光再次聚集中国。2017年10月25日下午，随着十九大闭幕，化学系教工党支部在理工楼207会议室召开了本学期第一次支部会议。
180,2017/10/13,chem.ruc.edu.cn,http://chem.ruc.edu.cn/xsjl/xn/12d7109c5e024cf58c6a0660f728ae96.htm,同系物的分子辩识分离工程,
181,2017/10/9,chem.ruc.edu.cn,http://chem.ruc.edu.cn/tzgg/zsdt/c554a86a24224fd6996508f80f99616a.htm,2018年推荐免试生申请攻读我校(理学院化学系)硕士学位研究生复试办法,2018年推荐免试生申请攻读我校(理学院化学系)硕士学位研究生复试办法
182,2017/10/6,chem.ruc.edu.cn,http://chem.ruc.edu.cn/tzgg/zsdt/a2d6d3e3f6274895a385e059c06e50fe.htm,2018年推荐免试生申请攻读我校(理学院化学系)硕士学位研究生复试安排,
183,2017/10/1,chem.ruc.edu.cn,http://chem.ruc.edu.cn/tzgg/zsdt/da64f46ed987498ea4ae2e55eca7d6ba.htm,中国人民大学化学系2018年接收推荐免试攻读硕士学位研究生工作办法,
184,2017/9/28,chem.ruc.edu.cn,http://chem.ruc.edu.cn/tzgg/zsdt/978c14ea92f84b2aa78f29bf2282912e.htm,中国人民大学化学系2018年接收推荐免试攻读硕士学位研究生工作办法,中国人民大学化学系2018年接收推荐免试攻读硕士学位研究生工作办
185,2017/9/17,chem.ruc.edu.cn,http://chem.ruc.edu.cn/xsfz/gzzd/be983f23b6e044eaa30a116baf1fa06c.htm,中国人民大学危险化学品管理办法,第一条为进一步规范和加强我校危险化学品的安全管理，严防事故发生，保障学校师生员工生命财产安全，保证学校正常的教学、科研和其他工作秩序，根据国家《危险化学品安全管理条例》及有关法规，结合我校实际情况，特制定本办法。
186,2017/9/17,chem.ruc.edu.cn,http://chem.ruc.edu.cn/tzgg/zdgl/57e15308dda1478d8618739cdac15e92.htm,中国人民大学危险化学品管理办法,第一条为进一步规范和加强我校危险化学品的安全管理，严防事故发生，保障学校师生员工生命财产安全，保证学校正常的教学、科研和其他工作秩序，根据国家《危险化学品安全管理条例》及有关法规，结合我校实际情况，特制定本办法。
187,2017/9/12,chem.ruc.edu.cn,http://chem.ruc.edu.cn/xwdt/djzt/992afad8ba3743f0a1e81816d0160db6.htm,我系李志平教授近期荣登英国皇家化学会“Top 1%高被引中国作者”榜单,根据英国皇家化学会（TheRoyalSocietyofChemistry）2017年8月16日官方微信公众号发布信息：“为彰显中国作者对国际化学研究领域的突出贡献，英国皇家化学会对旗下四十多本期刊发表论文的引用情况进行统计，将2014、2015年发表的文章在2016年的被引次数在所属领域全球排名前1%的名单进行筛选，整理出通讯作者第一单位是中国机构的作者名单。”，我系李志平教授荣登该榜单的“有机化学与药物化学”部分。具体榜单链接：http://mp.weixin.qq.com/s__biz=MzAxNjE4NTE5MQ==&mid=503596422&idx=1&sn=eb75c892508f593782309b67796d07a9&chksm=0008478e377fce989b008abb1e7dd7926187c7135a70947262555f1be9138b30b3b265157687&mpshare=1&scene=23&srcid=0907TzCqLBartkVvEbiSM4g9#rd
188,2017/9/12,chem.ruc.edu.cn,http://chem.ruc.edu.cn/xwdt/txzx/fb92eb1207314360b1a2588461942b24.htm,中科院金属所刘岗研究员来访我系,中科院金属所刘岗研究员于2015年9月11日来访我系，并作题为“面向太阳能燃料光催化材料的多尺度设计与构建”的学术报告。刘岗研究员在沈阳材料科学国家（联合）实验室从事太阳能光催化材料研究，在ChemRev、AdvMater、JAmChemSoc、AngewChemIntEd、EnergyEnvironSci等期刊发表SCI论文80余篇，所发表论文被SCI引用7000余次。曾获中科院卢嘉锡青年人才奖、全国百篇优秀博士学位论文、太阳能光化学与光催化研究领域优秀青年奖、中国化学会青年化学奖等，入选国家“万人计划”首批青年拔尖人才支持计划，获国家自然科学基金委优秀青年基金资助。
189,2017/9/8,chem.ruc.edu.cn,http://chem.ruc.edu.cn/xsfz/xydt/3c891631036c4ebaa88b4ec4fd358ff6.htm,我系首届（2004级）本科生龙霞入职北京大学深圳研究生院,我系首届（2004级）本科生龙霞，2008年本科毕业于中国人民大学化学系，2013年博士毕业于北京大学，2013.09-2015.08期间在香港科技大学进行博士后研究，2015-2017年分别在福建物质结构研究所和香港科技大学短期任职后，于2017年9月加入北京大学深圳研究生院，任副教授。
190,2017/9/7,chem.ruc.edu.cn,http://chem.ruc.edu.cn/xwdt/xscg/9ba27085f22c4d86b1cecde7a45d6004.htm,李志平英国皇家化学会高引榜单新闻,我系李志平教授近期荣登英国皇家化学会
191,2017/7/15,chem.ruc.edu.cn,http://chem.ruc.edu.cn/xsfz/xydt/179ecd1754c1468aa02db5729de7c654.htm,我系2006级本科生谢庄入职中山大学,我系2010年毕业本科生谢庄，2015年于香港理工大学获博士学位，师从纺织及制衣学系郑子剑教授研究纳米技术；2015-2017年于美国西北大学化学系四院院士ChadA.Mirkin教授研究组进行博士后研究。2017年7月起作为“百人计划”引进人才加入中山大学材料科学与工程学院任副教授。2009年至今于Angew.Chem.Int.Ed，ACSNano，Small，Science，Adv.Mater.等杂志发表文章30余篇，h-index15。目前主要从事微纳米结构制造加工及表面化学、功能高分子表界面材料、柔性可印刷可穿戴电子器件及医疗应用等方向的研究。研究兴趣还包括3D打印、光化学、聚合物刷、有机电子学、电化学电池、生物检测、仿生智能材料等。
192,2017/7/8,chem.ruc.edu.cn,http://chem.ruc.edu.cn/xsfz/gzzd/efdb2cfa51664a52b7e38ae55b227b0b.htm,中国人民大学本科生推荐免试攻读硕士学位研究生实施办法（修订）,
193,2017/6/27,chem.ruc.edu.cn,http://chem.ruc.edu.cn/tzgg/gjjl1/6c4b153ddc85404b85ee3e9408887dea.htm,【更新】2017年中国人民大学化学系全国优秀大学生暑期学校日程安排,
194,2017/6/22,chem.ruc.edu.cn,http://chem.ruc.edu.cn/tzgg/zsdt/cb75bac0410840679a629094ecf76fee.htm,第六届全国优秀大学生化学暑期学校初选名单公示,
195,2017/6/16,chem.ruc.edu.cn,http://chem.ruc.edu.cn/xwdt/xspy/5b13aa00587a4e0fa138660387b0b7c0.htm,理学院2016级理科试验班专业分流工作及分流结果公布,按照学校相关工作安排，2016级理科实验班一年级实行大类招生大类培养，一年级期末进行大类专业分流。2016级专业分流办法仍然按照《中国人民大学2016级理科试验班专业分流方案》相关要求进行，专业分流具体工作开展如下：
196,2017/6/15,chem.ruc.edu.cn,http://chem.ruc.edu.cn/xsfz/xydt/9c077e9ac06748a3aefbd2dee3286217.htm,我系2007级硕士朱楠入职大连理工大学,"朱楠于2010年获我系硕士学位，2013年获丹麦技术大学博士学位，其后在丹麦哥本哈根大学和美国加州大学圣地亚哥分校进行博士后研究工作，于2017年6月入职大连理工大学，担任特聘研究员，博士生导师。朱楠在可穿戴式电化学传感器及纳米能源器件相关领域已经取得一些具有国际影响力的工作成果，在国际相关领域顶级期刊上发表多篇文章，包括国际高水平行业内顶级期刊Adv.Funct.Mater.,ACSCatalysis,Nat.Comm.,J.A.C.S.等。此外，多项科研成果被授权美国欧盟发明专利和中国专利，受到国内外同行一致认可。多次参与海外项目申报及完成欧盟，美国，丹麦等国家的科研项目，累计参与欧洲美国研究项目经费约6500万人民币（换算后）。注重将科研成果转化实际生产力，与多个世界著名公司（包括LEGO,Philips,Mekoprint,SPGroup等）开展合作项目。"
197,2017/5/31,chem.ruc.edu.cn,http://chem.ruc.edu.cn/xsfz/jlxx/89188f7daf884efaa9195b9eecff4c09.htm,化学系吕雷阳同学入选2017年度“博新计划”拟资助人选名单,中国人民大学化学系2012级直博生（将于2017年6月获得博士学位）吕雷阳同学入选2017年度“博士后创新人才支持计划”（简称“博新计划”）拟资助人选名单。
198,2017/5/31,chem.ruc.edu.cn,http://chem.ruc.edu.cn/xwdt/xscg/e653d15caba64f65b7efeef7eb8218e7.htm,化学系吕雷阳同学入选2017年度“博新计划”拟资助人选名单,中国人民大学化学系2012级直博生（将于2017年6月获得博士学位）吕雷阳同学入选2017年度“博士后创新人才支持计划”（简称“博新计划”）拟资助人选名单。
199,2017/5/20,chem.ruc.edu.cn,http://chem.ruc.edu.cn/tzgg/zsdt/1d05e69462724e69adfdb516eed843f8.htm,化学系2017年博士生拟录取名单公示,我系2017年博士生拟录取名单公示见我校研究生院网站：
200,2017/5/20,chem.ruc.edu.cn,http://chem.ruc.edu.cn/tzgg/aqjc/723a741866f545b9b7eeb816a6e75e8e.htm,博士复试体检复检说明,博士复试体检复检说明
201,2017/5/19,chem.ruc.edu.cn,http://chem.ruc.edu.cn/tzgg/zdgl/b5bbc9f9131b4b72b7a21dba222fad68.htm,中国人民大学“大学生创新实验计划”和“本科生科研基金”2017项目化学系推荐评审结果公示,
202,2017/5/19,chem.ruc.edu.cn,http://chem.ruc.edu.cn/xsfz/jlxx/78ca3fb263124fb884d1189d1b5c7efe.htm,化学系2017届本科优秀毕业论文公开答辩结果公示,各位老师及各位同学：
203,2017/5/19,chem.ruc.edu.cn,http://chem.ruc.edu.cn/xwdt/xscg/0214a61cea7c4986af2e896e3aba4ef0.htm,李志平课题组研究进展——Clavilactone家族天然产物分子的全合成,有机过氧化物是一类重要且较为特殊的化合物，与药物设计、细胞损伤以及食品安全等方面关系密切，因而在制药、生物化学以及食品化学领域备受重视。在有机合成化学中，有机过氧化物是一类高效的氧化剂，用于各类氧化反应。但是，利用该类化合物作为反应底物的研究工作非常少，主要原因是缺少合成带有官能团的有机过氧化物的合成方法。
204,2017/5/19,chem.ruc.edu.cn,http://chem.ruc.edu.cn/tzgg/gjjl1/fa024d614de24a06932da001a53a9152.htm,化学系2017届本科优秀毕业论文公开答辩结果公示,各位老师及各位同学：
205,2017/5/19,chem.ruc.edu.cn,http://chem.ruc.edu.cn/xsfz/jlxx/14e9f729cbc34109a64234c4be1150bc.htm,中国人民大学“大学生创新实验计划”和“本科生科研基金”2017项目化学系推荐评审结果公示,
206,2017/5/1,chem.ruc.edu.cn,http://chem.ruc.edu.cn/xsfz/jlxx/4a97744464dc48da9670c9504b5bc3b7.htm,化学系17届博士毕业生吕雷阳同学获博新计划资助,中国人民大学化学系2012级直博生（将于2017年6月获得博士学位）吕雷阳同学入选2017年度“博士后创新人才支持计划”（简称“博新计划”）拟资助人选名单。
207,2017/5/1,chem.ruc.edu.cn,http://chem.ruc.edu.cn/xwdt/xspy/c7d1720fabd34943a7852aeb908a12f8.htm,化学系17届博士毕业生吕雷阳同学获博新计划资助,中国人民大学化学系2012级直博生（将于2017年6月获得博士学位）吕雷阳同学入选2017年度“博士后创新人才支持计划”（简称“博新计划”）拟资助人选名单。
208,2017/4/27,chem.ruc.edu.cn,http://chem.ruc.edu.cn/tzgg/zsdt/868945865ba7448b83b54f47457bbac0.htm,2017年理学院化学系博士生复试名单及复试安排,
209,2017/4/27,chem.ruc.edu.cn,http://chem.ruc.edu.cn/xwdt/xspy/fec76317b481481b969551de1e46378a.htm,第六届全国优秀大学生化学暑期学校,"中国人民大学化学系成立于2004年7月。在短短十几年的时间内已发展成为一个“小、精、尖”型的化学系（关于导师及其研究方向，请浏览我系主页：http://chem.ruc.edu.cn）。化学系现设有一个化学本科专业,拥有化学硕士一级学科，并设有物理化学、无机化学、有机化学、分析化学、高分子化学和应用化学六个硕士培养方向；从2008年开始以化学专业学科招收博士生。从2012年开始招收直博生。"
210,2017/4/27,chem.ruc.edu.cn,http://chem.ruc.edu.cn/tzgg/zdgl/e26cb7184ced4bc08ed8598f40edac0e.htm,关于提交2017届本科毕业生学士学位论文的通知,各位老师、同学：
211,2017/4/24,chem.ruc.edu.cn,http://chem.ruc.edu.cn/tzgg/zdgl/22428fb0248245a9aada6ad136b23554.htm,化学系博士学位论文答辩（陆续更新）,1、论文题目：铁催化醛与烯烃的自由基加成反应研究
212,2017/4/11,chem.ruc.edu.cn,http://chem.ruc.edu.cn/tzgg/aqjc/26ac8c42f69447adaf31ec9ae5e5b3e4.htm,中国人民大学2017年博士生考生体检安排,一、时间安排
213,2017/4/10,chem.ruc.edu.cn,http://chem.ruc.edu.cn/tzgg/zsdt/e4d4789bbcd145e7ae3cf1e8af27d612.htm,2017年理学院化学系博士生复试名单及复试安排（更新,2017年理学院化学系博士生复试名单及复试安排（更新）发布时间：2017-04-10
214,2017/4/7,chem.ruc.edu.cn,http://chem.ruc.edu.cn/xsfz/jlxx/1dbbbca713a84036a0ca590cf319a6c8.htm,关于组织申报中国人民大学“大学生创新实验计划”和“本科生科研基金”2017项目的通知,各位同学：
215,2017/4/7,chem.ruc.edu.cn,http://chem.ruc.edu.cn/tzgg/zdgl/726b4b3ad9134cbcb0ab6daa930a3f90.htm,关于组织申报中国人民大学“大学生创新实验计划”和“本科生科研基金”2017项目的通知,各位同学：
216,2017/4/7,chem.ruc.edu.cn,http://chem.ruc.edu.cn/tzgg/gjjl1/14e5c7892ee34c3fbf4fb756e5ed93d3.htm,关于组织申报中国人民大学“大学生创新实验计划”和“本科生科研基金”2017项目的通知,各位同学：
217,2017/4/7,chem.ruc.edu.cn,http://chem.ruc.edu.cn/xsfz/jlxx/0536dbc33ee04d1e8e9fc97cd0cfb158.htm,关于组织申报中国人民大学“大学生创新实验计划”和“本科生科研基金”2017项目的通知,各位同学：
218,2017/3/8,chem.ruc.edu.cn,http://chem.ruc.edu.cn/xsfz/xydt/4f05e2003818483db53213428cd50732.htm,我系2005级本科生蒋海英入职西北大学,我系2005级本科生蒋海英，于2009年本科毕业于人大化学系，随后跟随本系林隽教授继续攻读研究生，于2015年博士毕业，2015-2017年在中国科学院化学研究所光化学重点实验室进行博士后研究工作，于2017年入职西北大学。
219,2017/3/4,chem.ruc.edu.cn,http://chem.ruc.edu.cn/tzgg/zdgl/b770a77605c64af296bf1c941bb18ec3.htm,【NEW】2016级硕士研究生复试办法（非调剂生）,化学系2016级硕士研究生复试办法（非调剂生）
220,2017/3/2,chem.ruc.edu.cn,http://chem.ruc.edu.cn/tzgg/zsdt/abaaddaef5d54ff1a5439c0263bf162c.htm,化学系2017级硕士研究生复试名单及办法(调剂),一、化学系2017年硕士研究生（调剂考生）复试名单（更新）
221,2017/3/1,chem.ruc.edu.cn,http://chem.ruc.edu.cn/tzgg/zsdt/b2d9b79e5d5d4a1e8b0ff477d995533d.htm,【NEW】硕士研究生招生调剂招生公告,中国人民大学化学系2016年硕士研究生调剂招生公告
222,2017/2/28,chem.ruc.edu.cn,http://chem.ruc.edu.cn/tzgg/zsdt/abf03ca9786f4841a8d81d34432346f4.htm,化学系2017级硕士研究生复试名单及办法（非调剂生）,一、复试分数线：
223,2017/2/23,chem.ruc.edu.cn,http://chem.ruc.edu.cn/tzgg/zsdt/20007294047646eeb44b6fa020467f6f.htm,通知-关于2016年报考中国人民大学博士生网上确认的重要提醒,报考我校2016年博士生的考生，均须由考生本人自行在学信网报名系统内进行网上确认报名信息。
224,2016/11/29,chem.ruc.edu.cn,http://chem.ruc.edu.cn/dtgz/gh/71758792db9e4616b643943c3da1f01f.htm,王亚培：在有归属感的土地上放飞梦想,谈到与化学的结缘，王亚培回忆起了自己成长过程中遇到的两位恩师：清华大学的张希院士和北卡罗莱纳大学的Joseph/DeSimone老师。“张希院士是对我影响最大的人。”王亚培这样评价自己在清华求学期间的导师。王亚培本科就读于吉林大学，研究生期间来到了清华大学，持续不断的学习让王亚培从内心深处更加理解化学并且热爱化学。在清华，他学到了许多专业知识和为人处世的道理。
225,2016/11/29,chem.ruc.edu.cn,http://chem.ruc.edu.cn/xwdt/txzx/024a4e7719144332a1bf0b30e1dd176e.htm,王亚培：在有归属感的土地上放飞梦想,谈到与化学的结缘，王亚培回忆起了自己成长过程中遇到的两位恩师：清华大学的张希院士和北卡罗莱纳大学的Joseph/DeSimone老师。“张希院士是对我影响最大的人。”王亚培这样评价自己在清华求学期间的导师。王亚培本科就读于吉林大学，研究生期间来到了清华大学，持续不断的学习让王亚培从内心深处更加理解化学并且热爱化学。在清华，他学到了许多专业知识和为人处世的道理。
226,2016/11/16,chem.ruc.edu.cn,http://chem.ruc.edu.cn/tzgg/zdgl/7fee1a9c7a164c7489d512c078cdd4ce.htm,博士学位论文答辩——程红,中国人民大学化学系博士学位
227,2016/11/15,chem.ruc.edu.cn,http://chem.ruc.edu.cn/xsfz/xydt/5dba243dbfae49e393b4f49ea925bfcd.htm,我系2006级硕博连读生薛面起获2016国家优秀青年科学基金资助,"恭喜我系2006级硕博连读生薛面起获2016国家优秀青年科学基金资助！薛面起2012年于我系获得博士学位。2012-2014年就职于北京大学新材料学院，任特聘研究员。2014—2018年通过“引进国外杰出人才”加入中国科学院物理研究所。现任中国科学院理化技术研究所研究员，博士生导师，从事有机/高分子共轭体系研究，在Adv.Mater.,Angew.Chem.,JACS.,Adv.Funct.Mater.,ACSNano等杂志上发表论文60余篇，总引用>2000次。"
228,2016/11/9,chem.ruc.edu.cn,http://chem.ruc.edu.cn/tzgg/zsdt/cdb8159283e540be84c5cc4077921474.htm,中国人民大学化学系2017级博士“申请-审核-复试(综合考试)”制博士生招生工作方案,"为加强对考生以往学习情况、科研水平、学术成绩的考评，强化对考生创新能力、学术潜力和学术兴趣的考察，充分发挥学院和导师在博士生选拔过程中的自主权，探索符合化学学科及各层次创新拔尖人才选拔特点的博士生人才选拔模式，根据学校相关规定，特制定本方案。一、工作原则招生工作要贯彻科学选拔、公平公正、全面考察、客观评价、公开透明的原则，如考生在报考过程中有任何徇私舞弊、弄虚作假的行为，一经查实即取消录取资格。二、选拔模式所有报考我系的考生均采取“申请-审核-复试（综合考试）”的模式进行选拔，即考生申请并报名后，由化学系对报名考生提交的材料进行审核评议，通过审核的考生方可进入复试阶段，复试阶段将进行综合考试（笔试+面试），内容包括外语水平、科研能力和综合素质三方面，重点考察考生的学术基础、学术潜力和学术规划。三、组织管理成立化学系招生工作领导小组，负责本学院“申请-审核-复试（综合考试）”制博士生招生工作管理办法的制定、报名材料的集体审核评议和筛选及整体组织工作。四、工作程序1、网上报名。报考我系的各类考生均须在我校指定的博士生网上报名系统中提交报名信息、网上支付报名费。报考条件、报考类别、报名时间请参见《中国人民大学2017年招收攻读博士学位研究生简章》。2、提交申请材料所有考生的报名申请材料于2017年3月24日提交致我校理工楼507室。材料包括：A基础材料类（1）博士研究生报名登记表（网上报名并交费后，从网报系统中下载）；（2）证明外语能力的外语成绩单复印件，包括但不限于以下成绩：²英语：大学英语六级（CET6）、全国英语等级考试第五级（PETS5）、托福（TOEFL）、GRE、GMAT、雅思（IELTS）。（3）本科、硕士阶段的成绩单原件及复印件；（4）学位证书复印件（应届硕士生须在入学报到后补交学历学位证书复印件）；（5）两名与报考学科有关的教授或相当职称(正高职)的专家推荐书（专家推荐书选用化学系制定的，空白模板见附件三。专家推荐书必须用信封密封，并由推荐专家在封口处签名。未密封、未签名的专家推荐书，一律无效。）；B学术材料类（装订成册,一式两份）（6）学术简历与博士生学习期间研究构想（按照附件一中标准格式填写）；（7）科研情况一览表（按照附件二中标准格式填写）；（8）个人学术成果代表作1－2篇/部原件；（9）硕士学位论文（应届生可提交论文初稿，硕博连读生可提交开题报告）；（10）其他表明考生综合能力的学习证书或获奖证书复印件。考生须确保以上提交的各项申请材料真实有效，否则将被取消复试资格；已被录取的，取消录取资格。3、资格审查化学系的材料审核评议小组对考生提交的材料进行审核、评分，综合考察申请人以往学习情况、英语水平、科研水平、创新能力、学术潜力、学术兴趣等方面，确定参加复试考生名单。4、复试考核（1）复试比例：参照报名申请情况，我系拟录取人数与复试人数之比约为1：1.5。（2）复试名单将于4月中旬在我院网站上公布。（3）复试时间一般为4月中下旬，具体时间另行通知。（4）复试内容与形式²复试内容包括：外语水平（100分）、科研能力（100分）和综合素质（100分），采用笔试和面试两种考核形式。²笔试（一门）：专业外语（满分100分）²面试（一门）：硕士阶段科研工作汇报（满分100分）和综合素质面试（满分100分）（5）跨学科及同等学力加试跨一级学科（含专业学位）报考须加试（笔试）两门专业课（有机化学和物理化学），同等学力考生还须加试政治，加试成绩不计入加权成绩。（6）复试成绩计算复试成绩均合格者，将其各项复试成绩与加权求和，排列录取顺序。专业外语水平考核、科研能力、综合素质考核权重分别为30%、40%、30%。（7）填报导师考生在复试期间根据《中国人民大学2017年攻读博士学位研究生招生专业目录》填报导师。5、确定录取化学系将根据《中国人民大学博士研究生录取工作管理办法》开展录取工作。根据加权成绩等综合因素，确定拟录取名单，提交校研究生招生委员会审议。审议通过的名单，在校研招网予以公示。五、其他1、考生所提交的材料不再退还，如有需要请自行复印留存。2、外语成绩证明请提交复印件，原件复试报到时审核。3、材料提交地址：书面资料请用EMS或顺风快递（只接收这两种快递）或送至：北京市海淀区中关村大街59号理工楼507室中国人民大学化学系耿老师(收)邮编：100872电话：010-62512822六、联系方式联系人：耿老师电话：010-62512822Email：shuoshuo@ruc.edu.cn办公地点：中国人民大学理工楼507室化学系网站：chem.ruc.edu.cn"
229,2016/11/1,chem.ruc.edu.cn,http://chem.ruc.edu.cn/xsfz/txxx/38c2c6834cc148af9cf5e34819d6a517.htm,独家采访之吴玉章奖得主贺泳霖,吴玉章奖是面向全人大本硕博在读学生的综合性奖项，用以表彰在国内、业界有突出贡献、卓越成就的优秀学生。每一年全校评选出10位同学。获奖项目需经作者申请或专家推荐，学校评审组评议，吴玉章奖金基金委员会最后审定。
230,2016/11/1,chem.ruc.edu.cn,http://chem.ruc.edu.cn/xsfz/jlxx/3bc85899a2d64fd58c333eece6d37669.htm,独家采访之吴玉章奖得主贺泳霖,吴玉章奖是面向全人大本硕博在读学生的综合性奖项，用以表彰在国内、业界有突出贡献、卓越成就的优秀学生。每一年全校评选出10位同学。获奖项目需经作者申请或专家推荐，学校评审组评议，吴玉章奖金基金委员会最后审定。
231,2016/11/1,chem.ruc.edu.cn,http://chem.ruc.edu.cn/xwdt/txzx/d1c438f6c1834583a1a8d2a4168ff650.htm,独家采访之吴玉章奖得主贺泳霖,吴玉章奖是面向全人大本硕博在读学生的综合性奖项，用以表彰在国内、业界有突出贡献、卓越成就的优秀学生。每一年全校评选出10位同学。获奖项目需经作者申请或专家推荐，学校评审组评议，吴玉章奖金基金委员会最后审定。
232,2016/10/10,chem.ruc.edu.cn,http://chem.ruc.edu.cn/tzgg/zsdt/ad9d37e0c7e0483d9cb8e9d0d706091c.htm,2017年化学系招收推免生的办法,一、基本原则
233,2016/8/16,chem.ruc.edu.cn,http://chem.ruc.edu.cn/tzgg/zdgl/961f2608013d4c249b8f6c3688559c0b.htm,关于“数字人大”推荐免试研究生报名系统开放的通知,根据《中国人民大学推荐免试攻读硕士研究生实施办法》，我校的推荐免试研究生工作将在下学期展开。为了让同学们有充分的时间准备，“数字人大”的推荐免试研究生报名系统将提前于8月19日开放。  有关推免工作各阶段时间安排及注意事项，将于9月1日以后陆续在“数字人大”电子校务系统中发布。请同学们密切关注教务处网站及“数字人大”发布的相关信息，并相互转告。
234,2016/6/11,chem.ruc.edu.cn,http://chem.ruc.edu.cn/xwdt/txzx/ad84c2ab053240ddb2dd452ff8b91414.htm,人大微读-王鹏：灿烂的星星耀着光辉,（转自中国人民大学微信公众号）
235,2016/6/11,chem.ruc.edu.cn,http://chem.ruc.edu.cn/dtgz/gh/8962a0d3b3614f3f910bac461aa399eb.htm,人大微读-王鹏：灿烂的星星耀着光辉,（转自中国人民大学微信公众号）
236,2016/6/1,chem.ruc.edu.cn,http://chem.ruc.edu.cn/tzgg/zdgl/6c4a8adf687f422888bb32ef59e6d83b.htm,关于德国Thieme出版社为我校开通Science of Synthesis数据库试用的通知,
237,2016/5/26,chem.ruc.edu.cn,http://chem.ruc.edu.cn/tzgg/zsdt/85b52cac630247ed9fa7ee038ea413cf.htm,化学系2016年度“科学研究基金项目（本科生）”项目推荐名单公示,化学系拟推荐以下项目（按推荐名次排序）参评学校2016年度“科学研究基金项目（本科生）”最终评审。现予以公示，公示时间为5月26日-5月30日。如有异议，请向化学系办公室本科教学秘书（联系电话：62512822）反映。
238,2016/5/26,chem.ruc.edu.cn,http://chem.ruc.edu.cn/xsfz/jlxx/0116f57204274b729d0690e204233b7a.htm,化学系2016年度“科学研究基金项目（本科生）”项目推荐名单公示,化学系拟推荐以下项目（按推荐名次排序）参评学校2016年度“科学研究基金项目（本科生）”最终评审。现予以公示，公示时间为5月26日-5月30日。如有异议，请向化学系办公室本科教学秘书（联系电话：62512822）反映。
239,2016/5/24,chem.ruc.edu.cn,http://chem.ruc.edu.cn/xsjl/xn/fd03c0f610784ee6ad47494e4a2646ae.htm,为绿色能源求解：人工合成光合作用 水裂解催化中心——张纯喜 研究员,
240,2016/5/24,chem.ruc.edu.cn,http://chem.ruc.edu.cn/xsjl/xn/4cd3e7925e704c69a5ab5df1e51b0a88.htm,高等植物PSI-LHCI超分子复合物 2.8?分辨率的晶体结构解析——秦晓春 副研究员,
241,2016/5/23,chem.ruc.edu.cn,http://chem.ruc.edu.cn/tzgg/jlzz/0570e98f25744b23a825558b239f82ee.htm,2012级本科优秀毕业论文公开答辩结果公示,2012级本科生优秀毕业论文公开答辩经过评审及汇总，确定以下9名同学的本科毕业论文为化学系本科优秀论文。王震（95）、史杰中（94）、赵晶（93）、陶行磊（92）、朱梓毓（92）、吕士英（91）、张秋雅（91）、刁莹雪（90）、王皓东（90）。
242,2016/5/17,chem.ruc.edu.cn,http://chem.ruc.edu.cn/xsjl/xn/dd738c21c0704de7a961c88e25a67ded.htm,Hydrogen Bonding in Protonic Ionic Liquids,
243,2016/5/9,chem.ruc.edu.cn,http://chem.ruc.edu.cn/tzgg/zsdt/c1a63087804c4917aa7b5c34040f8227.htm,博士学位论文答辩,中国人民大学化学系博士学位
244,2016/5/6,chem.ruc.edu.cn,http://chem.ruc.edu.cn/tzgg/zsdt/f406db6e1bf84d5ea61543dd71971268.htm,博士学位论文答辩——薛晓,中国人民大学化学系博士学位
245,2016/5/6,chem.ruc.edu.cn,http://chem.ruc.edu.cn/tzgg/zsdt/6b0f498e365e449a91554fdc2b042168.htm,关于2016届学士学位论文（电子版）提交的通知,关于2016届学士学位论文（电子版）提交的通知
246,2016/5/4,chem.ruc.edu.cn,http://chem.ruc.edu.cn/tzgg/gjjl1/1050c09addc54d868c38765f7715da6c.htm,“大学生创新实验计划”项目推荐名单公示,化学系2016年度“大学生创新实验计划”项目推荐名单公示
247,2016/5/4,chem.ruc.edu.cn,http://chem.ruc.edu.cn/xsfz/jlxx/9aa60f79b1b546799f4987990ca9c877.htm,“大学生创新实验计划”项目推荐名单公示,化学系2016年度“大学生创新实验计划”项目推荐名单公示
248,2016/4/11,chem.ruc.edu.cn,http://chem.ruc.edu.cn/tzgg/zsdt/deb91e767fd044079e79b4549575829b.htm,2016年理学院化学系博士生复试名单与安排,一、复试名单及成绩
249,2016/3/18,chem.ruc.edu.cn,http://chem.ruc.edu.cn/tzgg/zsdt/ceebfc0beb214a1788488fc592bb8e15.htm,2016年博士“申请—审核-复试(综合考试)”制招生工作方案,理学院化学系2016年“申请—审核-复试(综合考试)”制博士生招生工作方案
250,2016/3/18,chem.ruc.edu.cn,http://chem.ruc.edu.cn/tzgg/zsdt/3cf59c67325847df819ae62cf63bc582.htm,2016年博士“申请—审核-复试(综合考试)”制招生工作方案,理学院化学系2016年“申请—审核-复试(综合考试)”制博士生招生工作方案
251,2016/3/17,chem.ruc.edu.cn,http://chem.ruc.edu.cn/tzgg/zsdt/38bf4507ad534ccfb9b62b7ff49d0dd5.htm,化学系2015级硕士研究生复试名单及办法(调剂),一、化学系2015年硕士研究生（调剂考生）复试名单
252,2016/3/9,chem.ruc.edu.cn,http://chem.ruc.edu.cn/tzgg/zsdt/27664025f5cb4b64b926276e1bcf4248.htm,2016级硕士调剂生复试名单及办法,化学系2016级硕士研究生复试名单及办法(调剂)一、化学系2016年硕士研究生（调剂考生）复试名单姓名毕业学校政治外语专一专二总分赵甲尚河北大学5853105108324王雪丽河南师范大学706110390326王鹏安徽大学656795101328张茜茜河南师范大学647090107331付永鑫山东师范大学6661108103338张雯雯河南师范大学627111197341李明西安电子科技大学6753120104344杨帆郑州大学6065107113345唐巧北京科技大学6174109110354邹玉琴河北大学6671121119377刘雅倩河南师范大学617690103330崔一鸣北京理工大学476696122331耿来垚河北大学6562100102329徐亮江西师范大学626311290325葛志统河南师范大学6754116109346
253,2016/3/9,chem.ruc.edu.cn,http://chem.ruc.edu.cn/tzgg/zsdt/2f3d924ce1b34f0a8da989cecdeadbed.htm,2016级硕士调剂生复试名单及办法,化学系2016级硕士研究生复试名单及办法(调剂)
254,2016/3/7,chem.ruc.edu.cn,http://chem.ruc.edu.cn/tzgg/zsdt/473dbc397f1b46f089d7f114c652d7f8.htm,2016年硕士生调剂截止日期,1、2016年硕士生调剂申请截止到3月9号（周三）上午8:00之前。2、3月9号（周三）当天公布调剂生名单
255,2016/3/4,chem.ruc.edu.cn,http://chem.ruc.edu.cn/tzgg/zsdt/a86c3e01ee644ceaba987b080c8a1868.htm,【NEW】2016年统考硕士生复试名单,
256,2016/1/22,chem.ruc.edu.cn,http://chem.ruc.edu.cn/xsjl/xn/d5ca2ef2cb0f41fba481c18fb6adf0d0.htm,生物高分子自组装纳米 纤维与结构仿生材料-李朝旭 研究员【New】,
257,2015/12/24,chem.ruc.edu.cn,http://chem.ruc.edu.cn/xsjl/xn/4caf2ca043b94c02870422ace017bbb9.htm,小核酸药物成药过程面临的挑战与我们的应对策略-张欣 研究员,
258,2015/12/16,chem.ruc.edu.cn,http://chem.ruc.edu.cn/xsjl/xn/5eb0c271492747c58435b4c7ad21a28c.htm,氧化应激过程的分析化学研究-田阳教授,
259,2015/12/3,chem.ruc.edu.cn,http://chem.ruc.edu.cn/tzgg/zdgl/a65827cf4cd9469b92f447e8fe6cdba1.htm,博士论文答辩公告,论文题目：铑催化的羧酸与吲哚脱羰直接偶联反应研究
260,2015/10/10,chem.ruc.edu.cn,http://chem.ruc.edu.cn/tzgg/zsdt/1dbfc1bb614a4fc2a1fd7031e479cf00.htm,2016年推荐免试生申请攻读我校(理学院化学系)硕士学位研究生复试安排,2016年推荐免试生申请攻读我系硕士学位研究生复试安排
261,2015/10/9,chem.ruc.edu.cn,http://chem.ruc.edu.cn/tzgg/zsdt/a8ad90ef4c68470fa4c53ce4012a898e.htm,2016年推荐免试生申请攻读我系研究生复试名单,
262,2015/9/29,chem.ruc.edu.cn,http://chem.ruc.edu.cn/tzgg/zsdt/90268691e09c4c3fa3e933f2a6a413b4.htm,化学系接收推荐免试生复试办法的更正,根据有关规定，之前我系发布的接收推荐免试硕士研究生（推免生）的工作办法（/shouye/ShowArticle.asp?ArticleID=247）中关于复试内容有如下修改，敬请关注。
263,2015/9/27,chem.ruc.edu.cn,http://chem.ruc.edu.cn/tzgg/zsdt/046209cdda6b4b20aab90a7a4429e1d9.htm,中国人民大学化学系招收2016级硕士推免生,中国人民大学化学系面向全国高校2016级化学及相关专业优秀本科毕业生招收硕士推免生，具体信息请参阅：
264,2015/9/25,chem.ruc.edu.cn,http://chem.ruc.edu.cn/tzgg/zsdt/1a575613b3584e659eb38cfefa2f74a3.htm,化学系接收推荐免试攻读硕士学位研究生工作办法,根据教育部和中国人民大学相关文件规定，我系2016年接收推荐免试攻读硕士学位研究生（以下简称推免生）工作办法如下。
265,2015/9/22,chem.ruc.edu.cn,http://chem.ruc.edu.cn/xwdt/xscg/e70bcf31c43941a5bb35fff01a1265d7.htm,中科院青岛生物能源与过程研究所兰峥岗研究员于来访我系,中科院青岛生物能源与过程研究所兰峥岗研究员于2015年9月22日来访我系，并作题为“Theoreticaldescriptionofultrafastexcitedstatedynamics”的学术报告，兰峥岗研究员2000年毕业于中国科学技术大学化学物理系，获学士学位，2007年于慕尼黑工业大学获博士学位（理论化学），此后分别在慕尼黑工业大学和德国马普碳化学研究所从事博士后研究，2011年至今为中科院青岛生物能源与过程研究所研究员。兰峥岗研究员的研究领域主要包括：理论与计算化学、发展理论新方法描述与能量利用相关的化学物理过程，如：生物光合成的电子传递、太阳能电池的机理、光诱导的分子激发态反应过程。
266,2015/9/17,chem.ruc.edu.cn,http://chem.ruc.edu.cn/xwdt/txzx/1572ce0aaf4f4e1a87b509e1befcbdf2.htm,瑞士联邦理工学院（洛桑）John Kiwi教授来访我系,瑞士联邦理工学院（洛桑）（EPFL）化学研究所的JohnKiwi教授于2015年9月17日来访我系，并作题为“Recentdevelopmentsinself-cleaningofsurfacesunderlight:Chemistryatthesolid-airinterface”的学术报告。JohnKiwi教授1977年加入瑞士联邦理工学院（洛桑）（EPFL）的化学研究所，至今已经发表270多篇学术论文（H-因子60）。他的研究工作涉及：催化、光化学、太阳能转换、胶体表面化学、以及微生物的光催化失活等领域。
267,2015/9/12,chem.ruc.edu.cn,http://chem.ruc.edu.cn/xwdt/xscg/dfcccd17f9ff440ebff9640cc6c4462a.htm,《先进材料》报道化学系王亚培课题组重要科研进展,"近日，理学院化学系王亚培课题组在液体传感器研究领域取得重要进展，研究成果在国际顶级材料学期刊《先进材料》（Adv.Mater.2015,27,4622-4627.）上发表。"
268,2015/7/13,chem.ruc.edu.cn,http://chem.ruc.edu.cn/tzgg/zsdt/7dec4b32783445179811fa32e6966da7.htm,2015年化学系全国优秀大学生化学暑期学校最终学员名单,2015年化学系全国优秀大学生化学暑期学校最终学员名单
269,2015/7/7,chem.ruc.edu.cn,http://chem.ruc.edu.cn/tzgg/zsdt/03539742659c4bc0a692e25ea3cd0f68.htm,暑期学校报到联系人,暑期学校报到联系人
270,2015/7/5,chem.ruc.edu.cn,http://chem.ruc.edu.cn/tzgg/zdgl/088cbad1e62e463cbbddab3d1eb6e21d.htm,报到须知,报到须知
271,2015/7/3,chem.ruc.edu.cn,http://chem.ruc.edu.cn/tzgg/zdgl/117b79956ebd4528b814d5c3d2474720.htm,2015年中国人民大学化学系全国优秀大学生暑期学校日程安排,7月13日星期一地点：中国人民大学理工楼一层大厅
272,2015/6/5,chem.ruc.edu.cn,http://chem.ruc.edu.cn/tzgg/zsdt/b5a30c8e69bf44ed8885d61520b3033b.htm,中国人民大学化学系2015年博士生复试成绩表,
273,2015/5/5,chem.ruc.edu.cn,http://chem.ruc.edu.cn/xwdt/txzx/714c4b67b15646d2ac4d97e6c7ecefa4.htm,Wiley出版社材料学期刊编辑李研博士来访我系,Wiley出版社材料学期刊编辑李研博士于2015年4月22日来访我系，做了题为“Wiley材料学新刊推介及科技论文撰写提示”的报告，并参观我系部分科研实验室。
274,2015/5/5,chem.ruc.edu.cn,http://chem.ruc.edu.cn/xwdt/txzx/dd5823abdbe94948ace60ed01ca63022.htm,香港理工大学郑子健博士来我系进行学术交流,"香港理工大学纺织及制衣学系纳米技术中心的郑子健副教授于2015年4月24日来访我系，做了题为“Polymer-assistedmetaldeposition(PAMD):afull-solutionstrategyforflexible,stretchable,compressible,andwearablemetalconductors”的学术报告。郑博士的研究兴趣主要包括：表面科学、自组装、纳米刻蚀、聚合物科学、可弯曲（拉伸、穿戴）的石墨烯材料及电子器件等。"
275,2015/5/5,chem.ruc.edu.cn,http://chem.ruc.edu.cn/xwdt/txzx/36a8a4f880e34f17b2212474ee28dfae.htm,河南省微纳米能量储存与转换材料重点实验室主任郑直教授来访我系,河南省微纳米能量储存与转换材料重点实验室主任、许昌学院副校长郑直教授于2015年5月5日来访我系，做了题为“Chemistrywithmetalsurface:In-situConstructingSemiconductorThinFilmswithOrderedNanostructuresBasedonElementalDirectReactionforBulkheterojunctionSolarCells”的报告，并和我系部分科研小组进一步讨论合作事宜。
276,2015/5/5,chem.ruc.edu.cn,http://chem.ruc.edu.cn/tzgg/zsdt/e9ff6b219f3a446e999e72ce9ab6d5dc.htm,中国人民大学化学系“第五届全国优秀大学生化学暑期学校”招生简章,"中国人民大学化学系成立于2004年7月。在短短10年的时间内已发展成为一个“小、精、尖”型的化学系（关于导师及其研究方向，请浏览我系主页：http://chem.ruc.edu.cn）。化学系现设有一个化学本科专业,拥有物理化学、无机化学、有机化学、分析化学、高分子化学和应用化学六个硕士培养方向；从2008年开始以化学专业学科招收博士生。从2012年开始招收直博生。"
277,2015/4/16,chem.ruc.edu.cn,http://chem.ruc.edu.cn/tzgg/zsdt/f27e4278cb324c2292a798f8c350a75e.htm,博士学位论文答辩——王雪松,一、复试名单
278,2015/4/9,chem.ruc.edu.cn,http://chem.ruc.edu.cn/xwdt/txzx/d865050446c8452ea3dbd2e221485b5e.htm,中科院化学所王树研究员来我系进行学术交流,中科院化学所王树研究员于2015年4月8日来访我系，做了题为“光功能有机共轭分子体系的设计与生物应用”的学术报告，着重介绍了光功能水溶性有机共轭聚合物的设计、合成及其在癌症诊断、生物成像、生物自组装、药物输送、降低抗生素耐药性等领域的应用。王树研究员是该领域国际知名青年科学家，曾入选中国科学院“百人计划”，获得中国化学会青年化学奖、国家杰出青年基金资助、中科院青年科学家奖、中国化学会－英国皇家化学会青年化学奖、科技部中青年科技创新领军人才等荣誉。主要研究领域包括：导电共轭高分子设计、合成和性能研究，基于导电共轭高分子的生物传感器，生物活性导电共轭高分子与化学生物学研究。
279,2015/4/6,chem.ruc.edu.cn,http://chem.ruc.edu.cn/tzgg/zsdt/44630ea4fee046c1b236d63c1076b198.htm,2015年化学系博士生复试名单与复试安排,一、复试名单
280,2015/3/31,chem.ruc.edu.cn,http://chem.ruc.edu.cn/xwdt/txzx/c0523280cc304174b3e23bc3bd56593f.htm,丹麦哥本哈根大学Leif H. Skibsted教授来我系进行学术交流,丹麦哥本哈根大学生命学院LeifH.Skibsted教授于2015年3月11日至3月25日访问我系，开展了为期半个月的合作交流。并于3月23日在我系做了题为“BreadandMeatfortheFuture.ADanish-BrazilianResearchProject”的学术报告，着重介绍了当今食品科学领域所存在的问题和挑战。Skibsted教授是国际食品化学界的知名学者，主要运用物理化学的方法和手段对食品化学领域的相关问题开展研究。Skibsted教授于2010年受聘为中国人民大学讲座教授，并在我校的暑期国际小学期讲授“ChemistryinFoodandHealth”课程。
281,2015/3/23,chem.ruc.edu.cn,http://chem.ruc.edu.cn/xsfz/gzzd/fe74b7fb85e94d2ab14b35864307c965.htm,中国人民大学本科学生课程考核与成绩管理实施办法（修订）,
282,2015/3/23,chem.ruc.edu.cn,http://chem.ruc.edu.cn/xsfz/jlxx/e4599a8560ba4e8e92ed1b69681ef693.htm,中国人民大学本科学生课程考核与成绩管理实施办法（修订）,
283,2015/3/17,chem.ruc.edu.cn,http://chem.ruc.edu.cn/tzgg/zsdt/89093ee7c26d4495b1036322d5a02541.htm,化学系2015级硕士研究生复试名单（非调剂生）,曹丹丹何荣刘晓臣薛俊琴戴玲纪民尊刘晓丽杨静狄正义康华彭洋俞婷婷董子杰李芮王瑶张世明韩旭雯梁振宁温静张有灿赵浩强周璇
284,2015/3/16,chem.ruc.edu.cn,http://chem.ruc.edu.cn/tzgg/zsdt/68a45c992c7e4dc7a6358647df43ed77.htm,化学系接收硕士研究生调剂申请截止时间为3月17日上午8:00,化学系接收硕士研究生调剂申请截止时间为3月17日上午8:00。此后收到的申请将不予考虑，特此通知。
285,2015/3/11,chem.ruc.edu.cn,http://chem.ruc.edu.cn/tzgg/zsdt/8fc899eb4eb54fe9b463b347e6777b01.htm,化学系2015级硕士研究生复试办法（非调剂生）,一、复试分数线：
286,2015/3/9,chem.ruc.edu.cn,http://chem.ruc.edu.cn/tzgg/zsdt/f76a8f202a6e49e89950efb89133a973.htm,中国人民大学化学系2015年硕士研究生调剂招生公告,目前我系已开始接受2015硕士研究生调剂申请。
287,2015/1/14,chem.ruc.edu.cn,http://chem.ruc.edu.cn/xwdt/txzx/118c4d327b844031a813695989ce33ec.htm,我系李志平教授荣获2015年度“Thieme Chemistry Journal Award”奖,"李志平教授荣获2015年度“Thieme Chemistry Journal Award”奖。该奖项由德国Thieme化学杂志（Synlett, Synthesis和Synfacts）编委会评选出来，奖励给全球优秀的青年有机化学家；2015年66人获此殊荣。"
288,2015/1/8,chem.ruc.edu.cn,http://chem.ruc.edu.cn/xwdt/txzx/a84f47164afe4d75b254c91301cb50e5.htm,我系王亚培老师荣获中国化学会2014年中国化学会青年化学奖,中国化学会于2014年12月决定授予来自国内高校和科研院所的10位青年化学家“中国化学会青年化学奖”，我系青年教师王亚培特聘研究员获此殊荣。
289,2014/10/18,chem.ruc.edu.cn,http://chem.ruc.edu.cn/tzgg/zsdt/7995d93ab4294fa785e82fcc1bb35e10.htm,2015年推荐免试生申请攻读我校(理学院化学系)硕士学位研究生复试名单及复试办法,复试名单
290,2014/10/8,chem.ruc.edu.cn,http://chem.ruc.edu.cn/tzgg/zsdt/5469875a64d54959b61492d87db9b16c.htm,2015年推荐免试生申请攻读我校(理学院化学系)直博生复试名单及复试办法,复试名单
291,2014/9/25,chem.ruc.edu.cn,http://chem.ruc.edu.cn/tzgg/zsdt/86401d57dba3487c821c6ec38d6734bf.htm,中国人民大学化学系2015年接收推荐免试攻读硕士学位研究生工作办法,根据教育部《全国普通高等学校推荐优秀应届本科毕业生免试攻读硕士学位研究生工作管理办法》（教学〔2006〕14号）和《教育部办公厅关于进一步完善推荐优秀应届本科毕业生免试攻读研究生工作办法的通知》（教学〔2014〕5号）等文件规定和精神，我系2015年将继续接收推荐免试攻读硕士学位研究生（以下简称推免生）。为做好此项工作，特制定本办法。
292,2014/4/23,chem.ruc.edu.cn,http://chem.ruc.edu.cn/xwdt/xscg/87786c501f2d48fea7b563db9ef6a40c.htm,李志平课题组实现Clavilactone类天然产物的高效全合成,有机过氧化物是一类重要且较为特殊的化合物，与药物设计、细胞损伤以及食品安全等方面关系密切，因而在制药、生物化学以及食品化学领域备受重视。此外，有机过氧化物被广泛用作聚合反应催化剂和自由基引发剂等。在有机合成化学中，有机过氧化物是一类高效的氧化剂，用于各类氧化反应。但是，利用该类化合物作为反应底物的研究工作非常少，主要原因是缺少合成带有官能团的有机过氧化物的合成方法。
293,2014/3/20,chem.ruc.edu.cn,http://chem.ruc.edu.cn/xwdt/xscg/39e60cebebac4a7093c828ee652883e4.htm,王亚培课题组在聚合物近红外光退火领域取得重要进展,在中国人民大学和国家自然科学基金委的支持下，我系王亚培课题组在聚合物近红外光退火领域取得了重要进展。
294,2013/9/9,chem.ruc.edu.cn,http://chem.ruc.edu.cn/xwdt/xscg/fae82db2f54d4b13949af18d6ada33d5.htm,曹睿课题组在Nature Communications上发表论文,近日，中国人民大学化学系特聘研究员曹睿的课题组在《自然》子刊《自然通讯》(NatureCommunications)杂志发表了题为“三核锌化合物结合三桥连含氧生物阴离子以及催化二氧化碳固定的性质”(DOI:10.1038/ncomms3375)的论文。该文报道了一个三核锌化合物的设计与合成，该化合物具有捕获并结合具有重要生物意义的含氧阴离子（如磷酸根离子和碳酸根离子）的性质，以及非常有效的催化二氧化碳固定的能力。这是第一篇以中国人民大学为第一通讯单位署名的自然系列期刊论文。
295,2013/9/5,chem.ruc.edu.cn,http://chem.ruc.edu.cn/xwdt/xscg/6422c025684845d6bb002c5623ea3aef.htm,王亚培课题组在多孔聚合物粒子及其应用研究中取得重要进展,在中国人民大学和国家自然科学基金委的支持下，我系王亚培课题组在聚合物近红外光退火领域取得了重要进展。
296,2013/8/8,chem.ruc.edu.cn,http://chem.ruc.edu.cn/xsfz/gzzd/e66590154dbf4686add7e8be71ef1687.htm,中国人民大学本科学生副修制度实施办法 （修订）,
297,2013/7/5,chem.ruc.edu.cn,http://chem.ruc.edu.cn/xwdt/xscg/3f686d80468a4796b223895e7caed5be.htm,赖文珍课题组在英国皇家化学学会旗舰期刊Chemical Science上发表论文,"我系赖文珍课题组在生物酶催化反应机理研究方向取得重要进展，相关成果近日在英国皇家化学学会期刊ChemicalScience上发表（《化学科学》，影响因子IF：8.314）。该课题组采用量子力学与分子力学相结合的方法（QM/MM）研究了同原儿茶酚2,3-双加氧酶（HPCD）的氧分子活化，及其催化天然底物的双羟外断裂反应机理，解决了长期以来对HPCD催化同原儿茶酚的活性氧物种的相关争议，并且为深入了解金属酶（特别是非血红素酶）的氧分子活化机制提供了重要的线索。该研究还对预测了各反应中间体的穆斯堡尔光谱参数，为今后的实验研究提供了理论依据。相关链接：http://pubs.rsc.org/en/content/articlelanding/2013/sc/c3sc51147b"
298,2011/4/9,chem.ruc.edu.cn,http://chem.ruc.edu.cn/xwdt/xscg/d4f448497a1548ab9c61af225ac83924.htm,李志平教授在铁催化C—C键活化领域再获重要进展,C—H键和C—C键是构成有机化合物的基础。发现和发展C—H键和C—C键官能化新反应新方法，将改变许多传统有机合成化学的理念、原理以及方法，已经成为现代有机合成化学一个重要研究方向。
299,2010/9/1,chem.ruc.edu.cn,http://chem.ruc.edu.cn/xwdt/xscg/8f0c0167beb54939977fe080c3bf3384.htm,我系参与主办“第15届国际光合作用大会卫星会议”,"由中国人民大学化学系、南开大学生命科学院和中国科学院植物研究所光合作用研究中心共同举办的第十五届国际光合作用大会卫星会议“光合作用的光能捕获：机理、模拟及应用”于2010年8月19-21日在天津南开大学生命科学院顺利召开。【Thesatellitemeetingtothe15thinternationalcongressofphotosynthesis,photosyntheticlightharvesting卫星会议官方网站：www.ps2010light-harvesting-satellite.com】多数活跃在该研究领域的国际顶尖科学家参加了会议，与会国外学者约110人、会议注册总人数达130余人。本次会议是以光能捕获与利用、及其机理研究为专题的学术研讨会，对我国光合作用及人工模拟研究有积极的促进作用。"
300,2010/7/7,chem.ruc.edu.cn,http://chem.ruc.edu.cn/xwdt/xscg/0a608396a81b40a2a5be121d455e942e.htm,中国人民大学举行化学博士学位授权一级学科点评议会,6月26日上午9时，中国人民大学在逸夫会议中心第三会议室举行了化学博士学位授权一级学科点评议会。校研究生院邀请中国科学院理化研究所研究员、清华大学化学系教授、中国科学院学部主席团成员佟振合院士为评议小组组长，其他八位评议小组成员有：全国人大常委、国家自然科学基金委副主任、中国科学院化学研究所姚建年院士，北京分子科学国家实验室(筹)主任、中国科学院化学研究所所长万立骏院士，全国政协委员、清华大学化学系沈德忠（工程院）院士，福建省科协主席、中国科学院福建物质结构研究所吴新涛院士，国务院学委会化学学科评议组成员、北京大学化学与分子工程学院院长高松院士，北京大学化学与分子工程学院黄春辉院士，北京师范大学化学院院长方维海教授，北京大学化学学院化学生物学系系主任赵新生教授。中国人民大学副校长杨慧林教授、中国人民大学研究生院副院长徐二明教授参加了评议会。参加评议会的还有中国人民大学研究生院学位办的任兵同志。
301,2010/1/1,chem.ruc.edu.cn,http://chem.ruc.edu.cn/xwdt/xscg/8574ec8bf2c54452a4dfcbb11896edcc.htm,2010年学校科研工作会议：化学系科研工作稳步前进,日前，学校召开了2010年科研工作会议，纪宝成校长和冯惠玲副校长分别进行了重要讲话，对2008年及2009年的科研工作进行了总结，对2010年的科研工作提出了要求。从该次会议获得的数据来看，化学系科研工作稳步前进，成绩斐然。
302,2009/12/18,chem.ruc.edu.cn,http://chem.ruc.edu.cn/xsfz/jlxx/a3c8cd254eff416189082979000196eb.htm,段丽婷：生活就像堆积木,段丽婷，理学院化学系2006级本科生，湖南衡阳人。学习成绩在本年级排名第一，在国际科研刊物发表两篇学术文章并被SCI收取，2008年下半年在香港城市大学作为交换生取得了仅有1%-2%的学生才有能力拿到的A＋，在中国人民大学“大学生创新实验计划”2007项目结项评审中以“简单化学方法制备纳米结构及其应用”为主题的创新项目拿到了合格的国家等级。
303,2009/12/18,chem.ruc.edu.cn,http://chem.ruc.edu.cn/xwdt/txzx/c0cfa0f09d454582b5068820648c9310.htm,段丽婷：生活就像堆积木,段丽婷，理学院化学系2006级本科生，湖南衡阳人。学习成绩在本年级排名第一，在国际科研刊物发表两篇学术文章并被SCI收取，2008年下半年在香港城市大学作为交换生取得了仅有1%-2%的学生才有能力拿到的A＋，在中国人民大学“大学生创新实验计划”2007项目结项评审中以“简单化学方法制备纳米结构及其应用”为主题的创新项目拿到了合格的国家等级。
304,2009/12/18,chem.ruc.edu.cn,http://chem.ruc.edu.cn/xsfz/txxx/3b96b3f2c6a645a989aa8ec6ab47afd9.htm,段丽婷：生活就像堆积木,段丽婷，理学院化学系2006级本科生，湖南衡阳人。学习成绩在本年级排名第一，在国际科研刊物发表两篇学术文章并被SCI收取，2008年下半年在香港城市大学作为交换生取得了仅有1%-2%的学生才有能力拿到的A＋，在中国人民大学“大学生创新实验计划”2007项目结项评审中以“简单化学方法制备纳米结构及其应用”为主题的创新项目拿到了合格的国家等级。
305,2009/12/18,chem.ruc.edu.cn,http://chem.ruc.edu.cn/xwdt/xspy/dc76b42d607d436fa2bb221058d224aa.htm,段丽婷：生活就像堆积木,段丽婷，理学院化学系2006级本科生，湖南衡阳人。学习成绩在本年级排名第一，在国际科研刊物发表两篇学术文章并被SCI收取，2008年下半年在香港城市大学作为交换生取得了仅有1%-2%的学生才有能力拿到的A＋，在中国人民大学“大学生创新实验计划”2007项目结项评审中以“简单化学方法制备纳米结构及其应用”为主题的创新项目拿到了合格的国家等级。
306,2009/11/16,chem.ruc.edu.cn,http://chem.ruc.edu.cn/xwdt/xscg/68b5b7a8ef1f4d83b4cd8441bd923c0a.htm,李志平教授在有机合成研究领域取得重要进展,高效高选择的合成化学新反应和新方法为药物的研究和新材料的合成等提供了强有力的知识和技术支持。非活性化学键，如碳-氢键是构成石油和天然气的基础。随着全球能源危机的出现和可持续化再生产的要求，直接对有机化合物中的C-H键进行官能化，合成我们需要的物质已经成为现在有机合成发展中一个重要的研究方向和发展重点。