Unnamed: 0,datetime,source,url,title,content
20,2020-07-06,psy.ruc.edu.cn,http://psy.ruc.edu.cn/plus/view.php?aid=402,心理学系2020年拟录取博士生公示,心理学系2020年拟录取博士生公示
39,2020-07-05,psy.ruc.edu.cn,http://psy.ruc.edu.cn/plus/view.php?aid=400,中国人民大学心理学系2020年港澳台研究生招生考试工作办法,中国人民大学心理学系2020年港澳台研究生
115,2020-07-05,psy.ruc.edu.cn,http://psy.ruc.edu.cn/plus/view.php?aid=401,2020心理学系“心理学：科学与社会”学术夏令营入选营员名单及日程安排,2020心理学系“心理学：科学与社会”学术夏令营
10,2020-07-03,psy.ruc.edu.cn,http://psy.ruc.edu.cn/plus/view.php?aid=399,中国人民大学心理学系科研助理招聘启事,
59,2020-06-24,psy.ruc.edu.cn,http://psy.ruc.edu.cn/plus/view.php?aid=398,心理学系2020年““申请-考核制”博士研究生招生考试复试成绩公示,
240,2020-06-19,psy.ruc.edu.cn,http://psy.ruc.edu.cn/plus/view.php?aid=397,心理学系6月份博士答辩信息公示,心理学系6月份博士答辩信息公示
125,2020-06-11,psy.ruc.edu.cn,http://psy.ruc.edu.cn/plus/view.php?aid=396,心理学系2020年博士招生复试名单及复试注意事项,心理学系2020年博士招生复试名单及复试注意事项
93,2020-06-05,psy.ruc.edu.cn,http://psy.ruc.edu.cn/plus/view.php?aid=394,中国人民大学“心理学：科学与社会”学术夏令营（2020）,
29,2020-06-01,psy.ruc.edu.cn,http://psy.ruc.edu.cn/plus/view.php?aid=393,心理学系2020年博士研究生招生复试工作办法,
164,2020-05-20,psy.ruc.edu.cn,http://psy.ruc.edu.cn/plus/view.php?aid=389,心理学系2020年博士考生提交纸质申请材料通知,
161,2020-05-19,psy.ruc.edu.cn,http://psy.ruc.edu.cn/plus/view.php?aid=388,心理学系5月份博士答辩信息公示,心理学系5月份博士答辩信息公示
220,2020-05-02,psy.ruc.edu.cn,http://psy.ruc.edu.cn/plus/view.php?aid=385,心理学系2020年硕士研究生招生考试复试办法,中国人民大学心理学系2020年硕士研究生招生考试复试办法
3,2020-05-02,psy.ruc.edu.cn,http://psy.ruc.edu.cn/plus/view.php?aid=386,心理学系2020年硕士研究生招生考试复试办法,中国人民大学心理学系2020年硕士研究生招生考试复试办法
116,2020-04-26,psy.ruc.edu.cn,http://psy.ruc.edu.cn/plus/view.php?aid=384,心理学系2020年硕士研究生招生考试进入复试的初试成绩要求及复试名单,中国人民大学心理学系2020年硕士研究生招生考试进入复试的初试成绩要求及复试名单
237,2020-04-25,psy.ruc.edu.cn,http://psy.ruc.edu.cn/plus/view.php?aid=387,心理学系2020年硕士研究生招生考试进入复试的初试成绩要求及复试名单,中国人民大学心理学系2020年硕士研究生招生考试进入复试的初试成绩要求及复试名单
102,2020-03-14,psy.ruc.edu.cn,http://psy.ruc.edu.cn/plus/view.php?aid=383,关于2020年博士研究生招生相关事项的通知​,心理学系关于2020年博士研究生招生相关事项的通知
181,2020-03-06,psy.ruc.edu.cn,http://psy.ruc.edu.cn/plus/view.php?aid=382,2020年全国硕士研究生招生考试初试成绩复查结果公示,中国人民大学心理学系2020年全国硕士研究生招生考试初试成绩复查结果公示
100,2020-02-22,psy.ruc.edu.cn,http://psy.ruc.edu.cn/plus/view.php?aid=381,心理学系关于2020年全国硕士研究生招生考试初试成绩复查工作的通知,心理学系关于2020年全国硕士研究生招生考试初试成绩复查工作的通知
184,2020-02-19,psy.ruc.edu.cn,http://psy.ruc.edu.cn/plus/view.php?aid=380,关于做好延期开学期间研究生教学工作的通知,心理学系关于做好延期开学期间研究生教学工作的通知
224,2020-02-13,psy.ruc.edu.cn,http://psy.ruc.edu.cn/plus/view.php?aid=379,关于做好延期开学期间本科教学工作的通知,心理学系关于做好延期开学期间本科教学工作的通知
73,2020-01-07,psy.ruc.edu.cn,http://psy.ruc.edu.cn/plus/view.php?aid=403,我系举办2020年新年硕士论坛,心理学系举行2020年新年硕士论坛
62,2020-01-04,psy.ruc.edu.cn,http://psy.ruc.edu.cn/plus/view.php?aid=376,【论坛】心理学系2020新年硕士论坛,
117,2019-12-28,psy.ruc.edu.cn,http://psy.ruc.edu.cn/plus/view.php?aid=377,心理学系召开同等学力教务工作会议,中国人民大学心理学系召开同等学力教务工作会议
98,2019-12-28,psy.ruc.edu.cn,http://psy.ruc.edu.cn/plus/view.php?aid=378,心理学系召开同等学力教务工作会议,中国人民大学心理学系召开同等学力教务工作会议
185,2019-12-26,psy.ruc.edu.cn,http://psy.ruc.edu.cn/plus/view.php?aid=375,香港中文大学（深圳）王晓田教授到访我系,香港中文大学（深圳）王晓田教授到访我系
57,2019-12-19,psy.ruc.edu.cn,http://psy.ruc.edu.cn/plus/view.php?aid=374,【讲座】文化价值观、生死观与时间管理,
162,2019-11-28,psy.ruc.edu.cn,http://psy.ruc.edu.cn/plus/view.php?aid=372,我系张积家教授、陈立鹏教授、胡平教授受聘担任教育部第二届全国民族教育专家委员会委员,我系胡平教授、张积家教授、陈立鹏教授受聘担任教育部第二届全国民族教育专家委员会委员
204,2019-11-28,psy.ruc.edu.cn,http://psy.ruc.edu.cn/plus/view.php?aid=373,心理学系党支部举行“不忘初心，牢记使命”主题学习（二）,心理学系党支部举行“不忘初心、牢记使命”主题学习活动（二）
201,2019-11-14,psy.ruc.edu.cn,http://psy.ruc.edu.cn/plus/view.php?aid=371,心理学系党支部举行“不忘初心，牢记使命”主题学习（一）,心理学系党支部举行“不忘初心，牢记使命”主题学习（一）
63,2019-11-07,psy.ruc.edu.cn,http://psy.ruc.edu.cn/plus/view.php?aid=369,全国民族心理研究协作组成立大会暨第一次工作会议在中国人民大学召开,全国民族心理研究协作组成立大会暨第一次工作会议在中国人民大学召开
92,2019-11-04,psy.ruc.edu.cn,http://psy.ruc.edu.cn/plus/view.php?aid=368,中国心理学会文化心理学专业委员会成立大会暨2019年学术年会在中国人民大学召开,中国心理学会文化心理学专业委员会成立大会暨2019年学术年会在中国人民大学召开
40,2019-11-02,psy.ruc.edu.cn,http://psy.ruc.edu.cn/plus/view.php?aid=370,中国心理学会重大科学问题“情绪意识的产生根源”进展专题座谈会在中国人民大学举行,中国心理学会重大科学问题“情绪意识的产生根源”进展专题座谈会在中国人民大学举行
131,2019-10-27,psy.ruc.edu.cn,http://psy.ruc.edu.cn/plus/view.php?aid=365,中国人民大学时勘教授获中国心理学会学科建设成就奖,中国人民大学时勘教授获中国心理学会学科建设成就奖
16,2019-10-24,psy.ruc.edu.cn,http://psy.ruc.edu.cn/plus/view.php?aid=366,【讲座】Technology and Sociality in Adolescence and Emerging Adulthood,
195,2019-10-23,psy.ruc.edu.cn,http://psy.ruc.edu.cn/plus/view.php?aid=363,【讲座】Apparently Unique Phenomenon in Japan: I am Happy with being Ordinary,
158,2019-10-21,psy.ruc.edu.cn,http://psy.ruc.edu.cn/plus/view.php?aid=362,心理学系申请考核制博士生招生工作办法（2020年）,心理学系申请考核制博士生招生工作办法（2020年）
71,2019-10-18,psy.ruc.edu.cn,http://psy.ruc.edu.cn/plus/view.php?aid=361,心理学系申请考核制博士生招生工作办法（2020年）,心理学系申请考核制博士生招生工作办法（2020年）
176,2019-10-15,psy.ruc.edu.cn,http://psy.ruc.edu.cn/plus/view.php?aid=360,全国民族心理研究协作组成立大会暨第一次工作会议通知,
222,2019-10-14,psy.ruc.edu.cn,http://psy.ruc.edu.cn/plus/view.php?aid=359,心理学系教工党支部举行“不忘初心 牢记使命”主题党日活动,理学院心理学系教工党支部举行“不忘初心牢记使命”主题党日活动
173,2019-09-29,psy.ruc.edu.cn,http://psy.ruc.edu.cn/plus/view.php?aid=357,中国心理学会重大科学问题和工程技术难题座谈会会议通知,中国心理学会重大科学问题和工程技术难题座谈会会议通知
143,2019-09-28,psy.ruc.edu.cn,http://psy.ruc.edu.cn/plus/view.php?aid=367,中国人民大学心理系高级课程研修班应用心理学专业课程调整通知,中国人民大学心理系高级课程研修班
251,2019-09-25,psy.ruc.edu.cn,http://psy.ruc.edu.cn/plus/view.php?aid=355,2020年接收推荐免试攻读硕士学位研究生工作办法,
13,2019-09-20,psy.ruc.edu.cn,http://psy.ruc.edu.cn/plus/view.php?aid=353,2020年应用心理硕士专业学位招生简章,中国人民大学2020年应用心理硕士专业学位招生简章
241,2019-09-20,psy.ruc.edu.cn,http://psy.ruc.edu.cn/plus/view.php?aid=354,中国人民大学2020年应用心理硕士专业学位招生简章,中国人民大学2020年应用心理硕士专业学位招生简章
58,2019-09-09,psy.ruc.edu.cn,http://psy.ruc.edu.cn/plus/view.php?aid=351,国家社会科学基金重大项目结项汇报会在中国人民大学举行,
52,2019-09-01,psy.ruc.edu.cn,http://psy.ruc.edu.cn/plus/view.php?aid=350,2019级心理学拔尖人才实验班选拔通知,
216,2019-07-11,psy.ruc.edu.cn,http://psy.ruc.edu.cn/plus/view.php?aid=348,“心理学：科学与社会”学术夏令营（2019）成功举办,
34,2019-07-01,psy.ruc.edu.cn,http://psy.ruc.edu.cn/plus/view.php?aid=347,中国心理学会民族心理学专业委员会2019年学术年会在京召开,2019年6月29日至30日，在庆祝中国共产党九十八周年华诞之际，由中国心理学会民族心理学专业委员会和中国人民大学心理学系共同主办，教育部民族教育发展中心民族心理数据中心承办，教育部民族教育发展中心民族心理与教育重点研究基地、国家民委民族语言文化心理重点研究基地、中国人民大学哲学与认知科学交叉平台协办的中国心理学会民族心理学专业委员会2019年学术年会在北京北邮科技酒店召开。来自全国各地的民族心理学及相关领域的百余名专家、学者、教师和学生齐聚一堂，共同见证了本次学术盛会。
121,2019-06-26,psy.ruc.edu.cn,http://psy.ruc.edu.cn/plus/view.php?aid=344,心理学系2019夏令营日程安排及报到须知,
50,2019-06-19,psy.ruc.edu.cn,http://psy.ruc.edu.cn/plus/view.php?aid=343,2019学术夏令营营员名单,请拟录取营员在2019年6月24日下午17点前回复邮件至rucpsy@126.com，确认是否参加。邮件名称为：姓名+性别+确认参加夏令营，以方便我们统计并安排住宿，逾期视作自动放弃。
1,2019-06-13,psy.ruc.edu.cn,http://psy.ruc.edu.cn/plus/view.php?aid=337,2019年拟录取博士研究生政审和调档工作通知,
87,2019-06-07,psy.ruc.edu.cn,http://psy.ruc.edu.cn/plus/view.php?aid=338,讲座 | 中科院心理研究所陈楚侨研究员做客我系并讲座,2019年6月6日，中国科学院心理研究所研究员、博士生导师陈楚侨（RaymondC.K.Chan）做客我系，为我系师生带来了题为“NegativeSymptomsAssessmentinMentalDisorders:AcombinationofbehavioralandAffectiveNeuroscienceApproach”的学术讲座。讲座由李欢欢教授主持。
8,2019-06-05,psy.ruc.edu.cn,http://psy.ruc.edu.cn/plus/view.php?aid=335,我校召开心理学一级学科博士学位授权点专家论证会,2019年6月3日上午，中国人民大学心理学一级学科博士学位授权点专家论证会在中国人民大学明德主楼十三层第一会议室召开。中国人民大学校长刘伟，常务副校长、研究生院院长王利明，校长助理、理工学科建设处处长杜小勇，人事处处长、人才工作领导小组办公室主任段成荣，理学院党委书记杨燕萍，研究生院学位管理办公室主任安志伟，教务处副处长张威及科研处等学校有关部处代表出席会议。心理学系教师、学术委员会成员列席会议。会议由心理学系主任胡平主持。
154,2019-06-03,psy.ruc.edu.cn,http://psy.ruc.edu.cn/plus/view.php?aid=329,心理学系2019年面向港澳台地区招收硕士生考试复试成绩公示,
239,2019-06-03,psy.ruc.edu.cn,http://psy.ruc.edu.cn/plus/view.php?aid=340,讲座 | 西安交通大学喻丰教授做客我系并讲座,2019年5月31日，西安交通大学人文社会科学学院社会心理学研究所副所长、教授、博士生导师喻丰做客我系，为我系师生带来了题为“人类何时喜欢何种机器人？社会文化视角下的人工智能初步研究”和“我们喜欢张飞还是诸葛亮？思维系统与道德判断”的两场别开生面的学术报告。报告引发了同学们的积极思考和讨论。学术报告及研讨会于汇贤大厦D1015会议室举行。
81,2019-06-02,psy.ruc.edu.cn,http://psy.ruc.edu.cn/plus/view.php?aid=339,学术 | 华人本土心理研究基金会杨中芳教授来我系座谈,2019年5月30日，华人本土心理研究基金会董事长杨中芳教授做客我系，与我系师生就本土心理学和文化心理学的现状和发展方向展开座谈。座谈于汇贤大厦D1015会议室开展。
84,2019-05-24,psy.ruc.edu.cn,http://psy.ruc.edu.cn/plus/view.php?aid=331,【研讨会】我们喜欢张飞还是诸葛亮？,题目：我们喜欢张飞还是诸葛亮？思维系统与道德判断
77,2019-05-24,psy.ruc.edu.cn,http://psy.ruc.edu.cn/plus/view.php?aid=328,2019年拟录取硕士生政审和档案工作的说明,2019年拟录取硕士生政审和档案工作的说明
110,2019-05-24,psy.ruc.edu.cn,http://psy.ruc.edu.cn/plus/view.php?aid=330,【研讨会】人类何时喜欢何种机器人？,题目：人类何时喜欢何种机器人？社会文化视角下的人工智能初步研究
219,2019-05-23,psy.ruc.edu.cn,http://psy.ruc.edu.cn/plus/view.php?aid=327,中国人民大学心理学系2019年博士生复试成绩公示,
205,2019-05-21,psy.ruc.edu.cn,http://psy.ruc.edu.cn/plus/view.php?aid=326,关于举办2019年中国人民大学“心理学：科学与社会”学术夏令营的通知,中国人民大学“心理学：科学与社会”学术夏令营（2019）
123,2019-04-26,psy.ruc.edu.cn,http://psy.ruc.edu.cn/plus/view.php?aid=323,中国人民大学心理学系关于2018-2019学年上海举办课程研修班的声明,中国人民大学心理学系关于2018-2019学年上海举办课程研修班的声明
70,2019-04-26,psy.ruc.edu.cn,http://psy.ruc.edu.cn/plus/view.php?aid=324,中国人民大学心理学系关于2018-2019学年上海举办课程研修班的声明,中国人民大学心理学系关于2018-2019学年上海举办课程研修班的声明
234,2019-04-15,psy.ruc.edu.cn,http://psy.ruc.edu.cn/plus/view.php?aid=311,心理学系2019年博士研究生“申请-考核”制复试办法及复试名单,心理学系2019年博士研究生“申请-考核”制复试办法及复试名单
156,2019-04-10,psy.ruc.edu.cn,http://psy.ruc.edu.cn/plus/view.php?aid=310,我系教师访问香港岭南大学应用心理学系并签署合作协议,为配合我校建设双一流大学战略，促进心理学系的国际化交流和教育合作，2019年4月8日，心理学系主任胡平教授率我系分管教学、科研与外事的教师一行4人对香港岭南大学进行了访问，并与岭南大学应用心理学系签署了全面合作协议。胡平教授与岭南大学应用心理学系主任萧爱铃（Oi-LingSiu）教授在协议书上签字。岭南大学校长郑国汉（LeonardKCheng）教授、副校长莫家豪（JoshuaKa-HoMok）教授、协理副校长夏尔马（ShalendraSharma）教授、社会科学院院长魏向东（WeiXiangdong）教授、中山大学心理学系主任高定国教授出席了签约仪式。
231,2019-03-06,psy.ruc.edu.cn,http://psy.ruc.edu.cn/plus/view.php?aid=309,心理学系2019年硕士研究生入学考试复试实施办法及复试名单,心理学系2019年硕士研究生入学考试复试实施办法及复试名单
28,2019-02-21,psy.ruc.edu.cn,http://psy.ruc.edu.cn/plus/view.php?aid=308,心理学系2019年本科人才培养委员会成员公示,
250,2019-02-20,psy.ruc.edu.cn,http://psy.ruc.edu.cn/plus/view.php?aid=307,心理学系2019年研究生工作委员会成员公示,
108,2019-01-21,psy.ruc.edu.cn,http://psy.ruc.edu.cn/plus/view.php?aid=304,学术 | 我系举行2019年心理健康与促进学术研讨会,2019年1月15日，中国人民大学心理学系在国学馆B113教室举行2019年心理健康与促进学术研讨会，总结汇报心理学系2018年取得的最新研究进展。
35,2019-01-11,psy.ruc.edu.cn,http://psy.ruc.edu.cn/plus/view.php?aid=303,理学院心理学系教工党支部赴“伟大的变革—庆祝改革开放40周年大型展览”参观学习,为隆重庆祝改革开放40周年，深入学习贯彻习近平新时代中国特色社会主义思想和党的十九大精神，2019年1月10日，理学院心理学系教工党支部书记胡平组织本支部党员前往国家博物馆参观“伟大的变革—庆祝改革开放40周年大型展览”。理学院党委副书记臧虹应邀出席，心理学系其他教职工也参加了此次学习活动。
254,2018-12-21,psy.ruc.edu.cn,http://psy.ruc.edu.cn/plus/view.php?aid=302,要闻 | 国家民委教育科技司周晓梅副司长一行来我校民族语言文化重点研究基地考察,2018年12月18日上午9时，国家民委教育科技司周晓梅副司长、民族语文处王学荣处长、民族理论政策研究室孙启军处长、北京语言大学中国民族语文应用研究中心郭凤岚主任、中国民族语文应用研究中心戴红亮教授等来我校民族语言文化心理重点研究基地考察。在中国人民大学汇贤大厦1015会议室举行会议，我校王利明常务副校长和心理学系胡平主任出席会议，张积家教授作为基地首席专家展示了基地的发展状况和近期成果。会议中，还讨论了我校民族语言文化心理重点研究基地和北京语言大学中国民族语文应用研究中心两大研究平台的交流合作事宜，希冀强强联合，共同打造民族研究的新高地。会后，周晓梅副司长一行，由张积家教授陪同参观了心理学系的实验室。
48,2018-11-07,psy.ruc.edu.cn,http://psy.ruc.edu.cn/plus/view.php?aid=301,要闻 | 中国心理学会文化心理学专业委员会（筹）2018学术年会暨文化心理学高峰论坛顺利举行,11月1日-2日，中国心理学会文化心理学专业委员会（筹）2018学术年会暨文化心理学高峰论坛在中国人民大学国学馆报告厅顺利举行。本次论坛由中国心理学会文化心理学专业委员会（筹）主办，中国人民大学心理学系承办，教育部民族教育发展中心民族心理与教育重点研究基地、国家民委民族语言文化心理重点研究基地、中国人民大学民族心理数据中心、中国人民大学哲学与认知科学交叉平台协办。
149,2018-10-26,psy.ruc.edu.cn,http://psy.ruc.edu.cn/plus/view.php?aid=300,中国人民大学哲学与认知科学交叉平台成立大会暨哲学与认知科学的交锋与交融学术研讨会,
26,2018-10-22,psy.ruc.edu.cn,http://psy.ruc.edu.cn/plus/view.php?aid=299,心理学系申请考核制博士生招生工作办法（2019年）,心理学系申请考核制博士生招生工作办法
159,2018-10-22,psy.ruc.edu.cn,http://psy.ruc.edu.cn/plus/view.php?aid=296,【研讨会】Understanding Cultural Differences,
67,2018-10-22,psy.ruc.edu.cn,http://psy.ruc.edu.cn/plus/view.php?aid=298,【研讨会】Restoring Intergroup Relations Through Intergroup Contact? Social and Psychological Mediating,
223,2018-10-22,psy.ruc.edu.cn,http://psy.ruc.edu.cn/plus/view.php?aid=297,【研讨会】Honeymoon periods and expat blues – acculturation orientation and social support as antecedent,
175,2018-09-30,psy.ruc.edu.cn,http://psy.ruc.edu.cn/plus/view.php?aid=294,2019年接收推荐免试攻读硕士学位研究生工作办法,
199,2018-07-19,psy.ruc.edu.cn,http://psy.ruc.edu.cn/plus/view.php?aid=293,要闻 | 中国人民大学“心理学：科学与社会”学术夏令营（2018）成功举办,2018年7月10日-14日，中国人民大学心理学系“心理学：科学与社会”学术夏令营（2018）顺利举行。自报名启动以来，心理学系共收到近200份申请材料，经公正甄选与认真筹备，最终来自中国人民大学、北京师范大学、北京大学、西南大学、武汉大学、中山大学、吉林大学、南开大学、山东大学等知名高校的47名同学受邀参加了本次活动。本次夏令营活动旨在促进全国高校心理学及相关学科的优秀大学生之间的交流，帮助青年学子认识中国人民大学心理学系，了解心理学的研究前沿，激发大学生运用心理学的科学方法研究社会问题，同时选拔优秀大学生到中国人民大学心理学系继续深造（攻读硕士研究生）。
113,2018-07-19,psy.ruc.edu.cn,http://psy.ruc.edu.cn/plus/view.php?aid=292,中国人民大学心理学硕士一级学科学位授权点自我评估专家评审会顺利召开,2018年7月13日，中国人民大学心理学硕士一级学科学位授权点自我评估专家评审会在心理学系召开。国务院学位委员会心理学学科评议组成员、华东师范大学梁宁建教授担任专家组组长，国务院学位委员会心理学学科评议组成员、北京大学周晓林教授、北京师范大学张西超教授、首都师范大学方平教授、中科院心理所孙向红研究员担任评审专家。
51,2018-07-18,psy.ruc.edu.cn,http://psy.ruc.edu.cn/plus/view.php?aid=290,关于心理学系开放课题标注方式的补充通知,心理学系开放课题标注方式由原2018开放课题指南中的“Supportedbyfundforbuildingworld-classuniversities(disciplines)ofRenminUniversityofChina.ProjectNo.2018”，更改为“Supportedbyfundforbuildingworld-classuniversities(disciplines)ofRenminUniversityofChina”。请各位开放课题负责人和心理学系合作者知悉。
144,2018-07-18,psy.ruc.edu.cn,http://psy.ruc.edu.cn/plus/view.php?aid=291,心理学系开放课题基金申请工作圆满完成,为吸引国内外研究人员与我系开展合作研究，助力国内外学术交流，促进交叉研究进展，为实现科技兴国的战略目标做出贡献，中国人民大学心理学系面向国内外研究人员设立开放课题基金。
82,2018-07-18,psy.ruc.edu.cn,http://psy.ruc.edu.cn/plus/view.php?aid=288,首届文化心理学学术研讨会暨中国心理学会文化心理学专业委员会（筹）2018年度会议邀请函,
83,2018-07-18,psy.ruc.edu.cn,http://psy.ruc.edu.cn/plus/view.php?aid=289,心理学系开放课题予以资助列表,申请人
228,2018-06-28,psy.ruc.edu.cn,http://psy.ruc.edu.cn/plus/view.php?aid=287,2018年硕士研究生录取通知书领取通知,2018年硕士研究生录取通知书已领回，请本人或委托他人在工作日期间来中国人民大学汇贤大厦D座1001办公室领取，领取时间为工作日上午8:30-11:00，下午2:30-4:30.
24,2018-06-15,psy.ruc.edu.cn,http://psy.ruc.edu.cn/plus/view.php?aid=286,2018年暑期夏令营日程安排,中国人民大学心理学系2018“科学与社会”学术夏令营日程安排
196,2018-06-13,psy.ruc.edu.cn,http://psy.ruc.edu.cn/plus/view.php?aid=285,2018学术夏令营营员名单及项目研讨分组情况,请录取营员在2018年6月18日前回复邮件至psysummercamp@126.com，邮件名称为：姓名+性别+确认参加夏令营，以方便我们统计并安排住宿，逾期视作自动放弃。
191,2018-06-12,psy.ruc.edu.cn,http://psy.ruc.edu.cn/plus/view.php?aid=284,青春洋溢 扬帆远航,青春洋溢扬帆远航
78,2018-06-02,psy.ruc.edu.cn,http://psy.ruc.edu.cn/plus/view.php?aid=282,2018高级课程研修班应用心理学培养方案表,
172,2018-06-02,psy.ruc.edu.cn,http://psy.ruc.edu.cn/plus/view.php?aid=283,2018高级课程研修班社会心理学培养方案表,
193,2018-05-25,psy.ruc.edu.cn,http://psy.ruc.edu.cn/plus/view.php?aid=281,中国人民大学心理学系2018年博士生复试成绩公示,
64,2018-05-22,psy.ruc.edu.cn,http://psy.ruc.edu.cn/plus/view.php?aid=280,2018年拟录取硕士生政审和档案工作的说明,
41,2018-05-21,psy.ruc.edu.cn,http://psy.ruc.edu.cn/plus/view.php?aid=278,要闻 | 我系作为主要发起单位申请在中国心理学会设立“文化心理学专业委员会”获批,
243,2018-05-21,psy.ruc.edu.cn,http://psy.ruc.edu.cn/plus/view.php?aid=279,中国人民大学心理学系“心理健康教育实践基地”成立,中国人民大学心理学系一直以来秉承“立学为民、治学报国”的精神，不断践行理论与实践相结合的理念，不断提升社会心理服务意识。为进一步推动京津冀教育协同发展，5月17日，心理学系主任胡平教授和董妍副教授，赴河北省保定市与该市莲池区文体教育局签署“心理健康教育资源对接项目协议”。
54,2018-05-18,psy.ruc.edu.cn,http://psy.ruc.edu.cn/plus/view.php?aid=277,中国人民大学“心理学：科学与社会”学术夏令营（2018）,为促进全国高校心理学及相关学科的优秀大学生之间的交流，帮助青年学子认识中国人民大学心理学系，了解心理学的研究前沿，激发大学生运用心理学的科学方法研究社会问题，同时选拔优秀大学生到中国人民大学心理学系继续深造（攻读硕士研究生），中国人民大学心理学系拟于2018年7月11日-14日开展第二届“心理学：科学与社会”学术夏令营活动（暨心理学夏令营第五届）。
139,2018-05-15,psy.ruc.edu.cn,http://psy.ruc.edu.cn/plus/view.php?aid=276,心理学系2018年博士毕业答辩公示,
177,2018-05-14,psy.ruc.edu.cn,http://psy.ruc.edu.cn/plus/view.php?aid=275,交流 | 台湾政治大学理学院院长颜乃欣教授访问我系,2018年5月8日下午，出席中国人民大学“政治大学日”活动的台湾政治大学理学院院长颜乃欣教授到访我系，参观了我系实验室，并与我系主任胡平教授、副系主任温晓通副教授及教师代表展开座谈。
197,2018-04-26,psy.ruc.edu.cn,http://psy.ruc.edu.cn/plus/view.php?aid=274,心理学系教工党支部组织学习习近平新时代思想,2018年4月26日中午，心理学系教工党支部邀请社科院马克思主义学院任洁研究员开设党课，阐述习近平新时代思想，心理学系系主任、教工党支部书记胡平教授、理学院党委副书记臧虹、心理学系学术委员会主席张积家教授及全体在校教师党员参加了党课学习。
60,2018-04-19,psy.ruc.edu.cn,http://psy.ruc.edu.cn/plus/view.php?aid=273,中国人民大学心理学系2018年开放课题指南,中国人民大学心理学系一直秉承中国人民大学的办学理念，矢志追求，逐渐形成“情绪脑研究”、“民族社会文化心理”、“健康促进”以及“社会心理服务”四个优势特色研究方向。为鼓励这些领域的研究合作，2018年特设立开放课题，资助国内外相关研究领域的教师和研究团队在这些领域与中国人民大学心理学系研究人员的合作研究。
246,2018-04-16,psy.ruc.edu.cn,http://psy.ruc.edu.cn/plus/view.php?aid=272,中国人民大学心理学系2018内地博士生复试名单,中国人民大学心理学系2018内地博士生复试名单
72,2018-04-16,psy.ruc.edu.cn,http://psy.ruc.edu.cn/plus/view.php?aid=271,心理学系2018年博士研究生入学考试复试办法,心理学系2018年博士研究生入学考试复试办法
152,2018-04-08,psy.ruc.edu.cn,http://psy.ruc.edu.cn/plus/view.php?aid=270,决胜全面建成小康社会,决胜全面建成小康社会
127,2018-04-08,psy.ruc.edu.cn,http://psy.ruc.edu.cn/plus/view.php?aid=268,心理学系教工党支部召开新学期工作会,心理学系教工党支部召开新学期工作会
2,2018-04-08,psy.ruc.edu.cn,http://psy.ruc.edu.cn/plus/view.php?aid=269,中国共产党章程,中国共产党章程
46,2018-04-08,psy.ruc.edu.cn,http://psy.ruc.edu.cn/plus/view.php?aid=267,以国家发展为己任助力科研创新,以国家发展为己任助力科研创新
11,2018-03-06,psy.ruc.edu.cn,http://psy.ruc.edu.cn/plus/view.php?aid=266,2018年硕士复试名单,
133,2018-03-06,psy.ruc.edu.cn,http://psy.ruc.edu.cn/plus/view.php?aid=265,心理学系2018年硕士研究生入学考试复试实施办法,心理学系2018年硕士研究生入学考试复试实施办法
94,2017-12-12,psy.ruc.edu.cn,http://psy.ruc.edu.cn/plus/view.php?aid=262,关于全国统一考试网上注册通知,关于全国统一考试网上注册通知
42,2017-11-22,psy.ruc.edu.cn,http://psy.ruc.edu.cn/plus/view.php?aid=261,要闻 | 心理学系举办“一带一路”民族与文化心理论坛（2017）,心理学系成功举办“一带一路”民族与文化心理论坛（2017）
30,2017-11-07,psy.ruc.edu.cn,http://psy.ruc.edu.cn/plus/view.php?aid=260,2017.11.18 课程调整通知,
88,2017-10-23,psy.ruc.edu.cn,http://psy.ruc.edu.cn/plus/view.php?aid=259,党建 | 心理学系党支部组织学习习近平总书记致中国人民大学建校80周年贺信精神,10月12日中午，心理学系党支部召开党员学习会，深入学习贯彻习近平总书记致中国人民大学建校80周年贺信精神。心理学系系主任胡平教授主持会议。全体在京党员参加了会议。
189,2017-10-10,psy.ruc.edu.cn,http://psy.ruc.edu.cn/plus/view.php?aid=258,活动 | 心理学系校友返校活动暨在职研修班结业典礼顺利举办,心理学系校友返校活动暨在职研修班结业典礼顺利举办
183,2017-09-30,psy.ruc.edu.cn,http://psy.ruc.edu.cn/plus/view.php?aid=257,中国人民大学心理学系2018年接收推荐免试攻读硕士学位研究生工作办法,根据教育部有关推荐免试生招生文件规定和精神，结合我校实际情况，制定本办法。
229,2017-09-29,psy.ruc.edu.cn,http://psy.ruc.edu.cn/plus/view.php?aid=256,讲座 | The future of nostalgia,9月29日上午，应心理学系的邀请，英国南安普顿大学心理学院资深教授ConstantineSedikides做客中国人民大学，为我系师生带来了一场别开生面的学术讲座。
141,2017-09-28,psy.ruc.edu.cn,http://psy.ruc.edu.cn/plus/view.php?aid=255,【讲座】The Future of Nostalgia,中国人民大学心理学系迎80周年校庆系列活动
22,2017-09-26,psy.ruc.edu.cn,http://psy.ruc.edu.cn/plus/view.php?aid=253,人才培养委员会和研究生工作委员会名单,人才培养委员会
151,2017-09-26,psy.ruc.edu.cn,http://psy.ruc.edu.cn/plus/view.php?aid=254,心理学系2017年夏令营拟录取名单,
186,2017-09-22,psy.ruc.edu.cn,http://psy.ruc.edu.cn/plus/view.php?aid=251,讲座 | 文化心理学之旅：从个体到群体以至机器人,9月21日晚，心理学系迎人大八十周年校庆·文化心理学系列讲座——“文化心理学之旅：从个体到群体以至机器人”在公共教学一楼1305教室举办。本次讲座由心理学系教授伍锡洪（NgSikHung）主讲。讲座内容激发了到场教师和同学们的深入思考和激烈讨论。
236,2017-09-21,psy.ruc.edu.cn,http://psy.ruc.edu.cn/plus/view.php?aid=252,讲座 | 我的中庸之路：本土心理研究的过去与未来,9月20日下午，心理学系迎人大八十周年校庆·文化心理学系列讲座在明德商学楼0202教室成功举办。本次讲座邀请了本土心理学家、华人本土心理研究基金会董事长杨中芳教授，为心理学系师生带来“我的中庸之路：本土心理研究的过去与未来”主题演讲。
119,2017-09-21,psy.ruc.edu.cn,http://psy.ruc.edu.cn/plus/view.php?aid=250,要闻 | “一带一路视角下的文化心理学”论坛顺利举办,2017年9月21日上午，由心理学系主办的“一带一路视角下的文化心理学：本土与全球路径”学术论坛在逸夫会堂第一会议厅举行。华人本土心理研究基金会董事长杨中芳、中国人民大学心理学系教授伍锡洪、中国人民大学人类学研究所所长赵旭东、多伦多大学罗特曼管理学院副教授钟晨波和心理学系部分教师应邀出席论坛。
213,2017-09-20,psy.ruc.edu.cn,http://psy.ruc.edu.cn/plus/view.php?aid=245,2017年9月资格卡办理名单及领取通知,
97,2017-09-18,psy.ruc.edu.cn,http://psy.ruc.edu.cn/plus/view.php?aid=249,讲座 | “大脑可塑性研究：语言学习塑造脑”专题讲座,2017年9月18日下午，应张清芳教授的邀请，广东外语外贸大学外国语言学及应用语言学研究中心的杨静教授做客中国人民大学，为同学们带来了题为“大脑可塑性研究：语言学习塑造脑”的专题报告。
179,2017-09-18,psy.ruc.edu.cn,http://psy.ruc.edu.cn/plus/view.php?aid=231,中国人民大学心理学系迎80年校庆——文化心理系列活动,
137,2017-09-07,psy.ruc.edu.cn,http://psy.ruc.edu.cn/plus/view.php?aid=240,关于本学期课程调整的补充说明,关于本学期课程调整的补充说明
134,2017-09-06,psy.ruc.edu.cn,http://psy.ruc.edu.cn/plus/view.php?aid=239,关于本学期心理学系高级课程研修班课程调整的说明,关于本学期心理学系高级课程研修班课程调整的说明
21,2017-08-23,psy.ruc.edu.cn,http://psy.ruc.edu.cn/plus/view.php?aid=238,2017年下半学期工作安排,2017年下半学期工作安排
242,2017-07-06,psy.ruc.edu.cn,http://psy.ruc.edu.cn/plus/view.php?aid=237,心理学系夏令营报到通知,心理学系夏令营报到通知
128,2017-07-05,psy.ruc.edu.cn,http://psy.ruc.edu.cn/plus/view.php?aid=235,【会议】“心理学与人文司法”学术研讨会,心理学与人文司法
44,2017-07-05,psy.ruc.edu.cn,http://psy.ruc.edu.cn/plus/view.php?aid=236,2017年博士生录取通知书发放通知,2017年博士生录取通知书发放通知
65,2017-06-29,psy.ruc.edu.cn,http://psy.ruc.edu.cn/plus/view.php?aid=233,2017年硕士生录取通知书发放通知,2017年硕士生录取通知书发放通知
95,2017-06-27,psy.ruc.edu.cn,http://psy.ruc.edu.cn/plus/view.php?aid=248,【讲座】EEG数据的时频分析,讲座：EEG数据的时频分析
49,2017-06-21,psy.ruc.edu.cn,http://psy.ruc.edu.cn/plus/view.php?aid=229,夏令营导师制+项目研讨分组报名通知,中国人民大学心理学系夏令营导师制+项目研讨分组报名通知
215,2017-06-21,psy.ruc.edu.cn,http://psy.ruc.edu.cn/plus/view.php?aid=230,要闻 |“振兴中华民族·走向世界的民族心理学”2017中国民族心理学高峰论坛召开,6月8日，由中国人民大学“国家民委民族语言文化心理重点研究基地”、“教育部民族教育发展中心民族心理与教育重点研究基地”、呼伦贝尔学院联合主办，《民族教育研究》杂志社协办，呼伦贝尔学院教育科学学院承办的“振兴中华民族·走向世界的民族心理学”2017中国民族心理学高峰论坛在海拉尔隆重召开。本次论坛邀请到我国心理学、民族学顶尖学者和教授，从心理学研究与民族学研究交融整合这一新视角解读了民族心理，为我国民族心理研究奠定了新的高起点。中国人民大学张积家教授、深圳大学罗跃嘉教授、北京大学吴艳红教授、兰州大学李静教授、华南师范大学郑希付教授、华中师范大学郭永玉教授、陕西师范大学张丽锦教授、新疆维吾尔自治区党校迪丽达教授以及各高校研究学者及研究生等全国37所高校专家学者和5所出版机构等近百人参加了此次论坛。教育部民族教育司双语教育处处长沙玛加甲参加了论坛。
80,2017-06-16,psy.ruc.edu.cn,http://psy.ruc.edu.cn/plus/view.php?aid=215,教师发展与服务,我系在教师的管理过程中，从意识、制度到技能，为教师提供一系列教学培训服务，强化了教师对本科教学的重视程度。注重应用心理学的实践性，完善实验室实践、实习实践和社会实践相结合的“三实”人才培养体系，落实人才培养路线图的思想。在促进教师职业发展方面主要采取以下措施：
45,2017-06-16,psy.ruc.edu.cn,http://psy.ruc.edu.cn/plus/view.php?aid=209,心理学系实习基地,心理学系于2012年6月7日上午，举行“中国人民大学心理学系与山东乐陵英华双语学校战略合作签约暨留守儿童关爱工程启动仪式”，与山东乐陵英华双语学校正式签署战略合作协议，并与其建立“教学实践基地”，同时启动由双方发起的“留守儿童关爱工程”。2015年，我系学术委员会主任张积家教授受聘为学校的荣誉校长，对梦之家学校今后的发展提供具体的指导。心理学系还通过捐赠图书和心理拓展仪器等方式，帮助梦之家学校完善心理图书资源、建立心理角，使梦之家学校得到持续的心理支持。
202,2017-06-16,psy.ruc.edu.cn,http://psy.ruc.edu.cn/plus/view.php?aid=197,2014-2016本科生就业情况,我系的毕业生毕业去向主要为出国和升学。近三年的毕业生出国和升学的人数占到全部毕业生的84%。
136,2017-06-16,psy.ruc.edu.cn,http://psy.ruc.edu.cn/plus/view.php?aid=226,心理学系促进学生跨文化交流学习的措施,心理学系非常关心学生的国际合作和交流，从以下几个方面开展学生的国际交流：
190,2017-06-16,psy.ruc.edu.cn,http://psy.ruc.edu.cn/plus/view.php?aid=186,高级课程研修班应用心理学培养方案表,
38,2017-06-16,psy.ruc.edu.cn,http://psy.ruc.edu.cn/plus/view.php?aid=227,心理学系第二课堂育人体系建设情况,心里乐翻天---趣味知识竞赛是中国人民大学心理健康月的特色活动。心里乐翻天由学校学工部、心理健康教育与咨询中心主办，理学院承办，旨在人大学子中传播心理知识，增强我校学生对心理学的兴趣、满足对心理学知识的需求、提高对心理健康的关注。心里乐翻天面向全校同学，每年有上百名同学参赛。经过初赛海选的浪里淘沙，通过的同学有资格组队参加复赛。经过多轮比试，在激烈的竞争过后，只有4组同学能够最终进入决赛。每年五月的决赛更是吸引了全校各个专业的同学前来观赛，相信多多少少也能改变许多同学过去对心理学“美剧式”的认识。
61,2017-06-16,psy.ruc.edu.cn,http://psy.ruc.edu.cn/plus/view.php?aid=185,高级课程研修班社会心理学培养方案表,
32,2017-06-16,psy.ruc.edu.cn,http://psy.ruc.edu.cn/plus/view.php?aid=228,心理学系喜迎本科一年级专业分流28位新成员,本科一年级刚刚分流分班完毕，董妍老师、李洁老师、温晓通老师召集了高年级和已经毕业的学生回来，给新成员们召开一个小型交流会。
142,2017-06-16,psy.ruc.edu.cn,http://psy.ruc.edu.cn/plus/view.php?aid=189,活动 | 中国人民大学“科技文化周”心理学系实验室开放日活动,中国人民大学作为新中国开办的第一所新型正规大学，在人文社会科学方面拥有壮大实力。新世纪以来，学校非常重视理工科建设，以“高出发点、相关系、入主流、高程度”为思路，注重依托学科基础，施展后发优势，在科学研究、学科建设、人才造就、队伍建设等方面稳步进步，形成了理工学科“小、精、尖”的良好发展态势。而学校理工学科实验室建设的不断完善，也为理工学科教学研究及结果推广应用供给了综合平台。
207,2017-06-16,psy.ruc.edu.cn,http://psy.ruc.edu.cn/plus/view.php?aid=195,心理学系本科生培养目标和培养方案简介,
86,2017-06-08,psy.ruc.edu.cn,http://psy.ruc.edu.cn/plus/view.php?aid=184,2017年心理学系夏令营营员名单,
18,2017-06-08,psy.ruc.edu.cn,http://psy.ruc.edu.cn/plus/view.php?aid=183,2017年心理学系夏令营营员志愿者名单,
247,2017-06-07,psy.ruc.edu.cn,http://psy.ruc.edu.cn/plus/view.php?aid=182,关于2017级博士新生领取政审调档通知书和银行卡的通知,
166,2017-06-06,psy.ruc.edu.cn,http://psy.ruc.edu.cn/plus/view.php?aid=181,要闻 | 菲律宾雅典耀大学孔子学院访问我系,6月3日，菲律宾雅典耀大学孔子学院中方院长梁广寒等一行12人到中国人民大学心理学系访问交流。心理学系副主任胡平教授、温晓通副教授与梁院长一行进行了会谈。会谈持续了近一个小时，双方围绕跨文化心理学这一主题展开了热烈讨论，并对今后可能进行的合作研究充分交换了意见。
157,2017-06-02,psy.ruc.edu.cn,http://psy.ruc.edu.cn/plus/view.php?aid=180,中国人民大学2017级南京心理学班开学典礼,
47,2017-06-01,psy.ruc.edu.cn,http://psy.ruc.edu.cn/plus/view.php?aid=134,2017年6月申硕材料提交通知,获得学位证书满三年（36个月）
214,2017-06-01,psy.ruc.edu.cn,http://psy.ruc.edu.cn/plus/view.php?aid=175,中国人民大学心理学专业高级研修班学员手册,
203,2017-06-01,psy.ruc.edu.cn,http://psy.ruc.edu.cn/plus/view.php?aid=177,中国人民大学关于授予具有研究生毕业同等学力人员硕士学位实施细则,
145,2017-06-01,psy.ruc.edu.cn,http://psy.ruc.edu.cn/plus/view.php?aid=174,关于更新学位证书验证办法的通知,
138,2017-06-01,psy.ruc.edu.cn,http://psy.ruc.edu.cn/plus/view.php?aid=178,申请硕士学位工作问答,
12,2017-05-31,psy.ruc.edu.cn,http://psy.ruc.edu.cn/plus/view.php?aid=172,关于2017级硕士新生领取银行卡的通知,关于2017级硕士新生领取银行卡的通知
132,2017-05-08,psy.ruc.edu.cn,http://psy.ruc.edu.cn/plus/view.php?aid=170,关于领取2017年拟录取硕士生调档、政审通知书的通知,
91,2017-04-25,psy.ruc.edu.cn,http://psy.ruc.edu.cn/plus/view.php?aid=169,中国人民大学“心理学：科学与社会”学术夏令营（2017）,为促进全国高校心理学及相关学科的优秀大学生之间的交流，帮助青年学子认识中国人民大学心理学系，了解心理学的研究前沿，激发大学生运用心理学的科学方法研究社会问题，同时选拔优秀大学生到中国人民大学心理学系继续深造（攻读硕士研究生），中国人民大学心理学系拟于2017年7月10日-14日开展“心理学：科学与社会”学术夏令营活动。
122,2017-04-18,psy.ruc.edu.cn,http://psy.ruc.edu.cn/plus/view.php?aid=167,2017年理学院趣味运动会,3.29日下午，理学院在教二草坪举办了年度趣味运动会，我系胡平老师课题组和张清芳老师课题组受邀参加。
148,2017-04-18,psy.ruc.edu.cn,http://psy.ruc.edu.cn/plus/view.php?aid=168,张积家老师课题组春游活动,春游和秋游是张积家老师课题组的常规活动，每到春光正好的时候，课题组都会集体来到公园踏春。今年3月27号，又是一年樱花盛开，课题组来到了大观园参观当年红楼梦拍摄地，领略在北方少有的园林文化。伴着春日里的暖暖阳光，课题组成员与老师相互交流生活和学习的经历，合影留念。大观园一行，不仅增加了文化知识，以生动的方式回忆了红楼梦的经典桥段，还让大家体会到了春天来临的脚步。樱花伴着微风摇曳，各种植被都发了新绿，那柳树更是“万条垂下绿丝绦”，美丽极了。
249,2017-04-18,psy.ruc.edu.cn,http://psy.ruc.edu.cn/plus/view.php?aid=166,2017年文化心理学研究进展,研究一：双向偏见引发冲突情境下自我归类对民族社会化觉察的影响——来自景颇族、傣族和汉族初中生的证据
217,2017-04-13,psy.ruc.edu.cn,http://psy.ruc.edu.cn/plus/view.php?aid=163,【讲座】The Social Adaptation Model of Oxytocin Function,题目:催产素的社会适应模型（TheSocialAdaptationModelofOxytocinFunction）
209,2017-04-12,psy.ruc.edu.cn,http://psy.ruc.edu.cn/plus/view.php?aid=162,心理学系2017年博士研究生入学考试复试办法,
168,2017-04-12,psy.ruc.edu.cn,http://psy.ruc.edu.cn/plus/view.php?aid=161,中国人民大学2017年博士生复试名单,中国人民大学2017年博士生复试名单
233,2017-04-05,psy.ruc.edu.cn,http://psy.ruc.edu.cn/plus/view.php?aid=160,活动 | 我系教师代表参加石景山区第十届世界孤独症关注日系列活动,在第十个世界孤独症关注日来临之际，为了更多地关注社会和支持孤独症儿童康复融合工程，4月1日上午，我系教师代表张清芳教授、温晓通副教授、张晶博士参加石景山区小飞象训练发展中心举办的“星旅程，向快乐出发——第十届世界孤独症关注日系列活动”并做发言。与会领导有石景山区残联副理事长张洪燕、区残联和八角街道残联相关领导、以及部分家长和志愿者代表。
221,2017-03-03,psy.ruc.edu.cn,http://psy.ruc.edu.cn/plus/view.php?aid=158,关于研究生复试笔试的补充通知,
129,2017-03-02,psy.ruc.edu.cn,http://psy.ruc.edu.cn/plus/view.php?aid=157,中国人民大学研究生学位论文及其摘要的撰写和印制要求,中国人民大学研究生学位论文及其摘要的撰写和印制要求
171,2017-02-27,psy.ruc.edu.cn,http://psy.ruc.edu.cn/plus/view.php?aid=155,心理学系2017年硕士研究生入学考试复试实施办法,心理学系2017年硕士研究生入学考试复试实施办法
53,2017-02-27,psy.ruc.edu.cn,http://psy.ruc.edu.cn/plus/view.php?aid=153,2017年心理学系硕士研究生复试名单,
17,2017-02-27,psy.ruc.edu.cn,http://psy.ruc.edu.cn/plus/view.php?aid=154,2017年心理学系硕士研究生复试分数线,
118,2017-01-06,psy.ruc.edu.cn,http://psy.ruc.edu.cn/plus/view.php?aid=159,活动 | 2017年硕博学术论坛顺利举办,2017年1月4日，我系第一届硕博学术论坛在公共教学一楼如期举行。此次论坛内容十分丰富，囊括了14名硕士和8名博士在内共22人次的学术报告，内容包括情绪聚合、延迟奖赏与青少年的冲动性决策、青少年欺负与保护行为、朝鲜族和汉族大学生予以加工的隐喻研究、汉语句子的句法启动等内容，涉及认知心理学、社会心理学、发展心理学和民族心理学等多个学科领域，深度和广度俱全。
225,2016-12-02,psy.ruc.edu.cn,http://psy.ruc.edu.cn/plus/view.php?aid=151,2017年1月7号办理同等学力现场确认的通知,
146,2016-11-30,psy.ruc.edu.cn,http://psy.ruc.edu.cn/plus/view.php?aid=150,心理学系博士生答辩公示,心理学系博士生答辩公示
85,2016-11-28,psy.ruc.edu.cn,http://psy.ruc.edu.cn/plus/view.php?aid=165,要闻 | “一带一路上的心理学”高端论坛顺利召开,
235,2016-11-22,psy.ruc.edu.cn,http://psy.ruc.edu.cn/plus/view.php?aid=149,第一届＂心理学节＂系列讲座公告,Seminar1:
79,2016-11-22,psy.ruc.edu.cn,http://psy.ruc.edu.cn/plus/view.php?aid=148,【会议】“心理学与一带一路”学术研讨会（2016）,“一带一路”是“新丝绸之路经济带”和“21世纪海上丝绸之路”的简称，旨在借用古代“丝绸之路”的历史符号，积极主动地发展与沿线国家的经济合作伙伴关系，共同打造政治互信、经济融合、文化包容的利益共同体、命运共同体和责任共同体。作为中国首倡的重大国际合作及全球治理新模式，“一带一路”不仅是沿线国家和地区在经济和发展方面的合作与共赢战略，也是沿线不同文明和文化之间和谐对话和民心相通的和平友好工程。有史以来，人类不同文明的接触不止一次地表明，和谐的文明对话比共赢的经济合作更难。
188,2016-11-17,psy.ruc.edu.cn,http://psy.ruc.edu.cn/plus/view.php?aid=147,心理学系举办心理学英文专题研讨及同等学力英语考试指导培训,为提高在职研修班学员的专业英语能力，帮助学员们顺利通过同等学力申请硕士学位全国英语考试，心理学系于2016年11月12日-13日在中国人民大学举办心理学英文专题研讨及筒灯学历英语考试指导培训，由心理学系讲座教授、新西兰皇家学院院士伍锡洪教授及夫人甄鳳毛女士进行心理学英文专题研讨，由心理学系刘畅老师进行同等学力英语考试指导培训。
33,2016-10-09,psy.ruc.edu.cn,http://psy.ruc.edu.cn/plus/view.php?aid=146,中国人民大学心理学系2017年推免硕士生入学考试复试办法,
66,2016-09-07,psy.ruc.edu.cn,http://psy.ruc.edu.cn/plus/view.php?aid=143,关于征集2016年度中国人民大学外译学术成果的通知,
9,2016-08-25,psy.ruc.edu.cn,http://psy.ruc.edu.cn/plus/view.php?aid=142,中国人民大学同等学力申请硕士学位学员课程考试费网上支付开通通知,中国人民大学同等学力申请硕士学位学员课程考试费网上支付开通通知
252,2016-06-16,psy.ruc.edu.cn,http://psy.ruc.edu.cn/plus/view.php?aid=216,心理学系“三重一大”制度实施细则,
218,2016-06-16,psy.ruc.edu.cn,http://psy.ruc.edu.cn/plus/view.php?aid=218,心理学系物品验收管理规定,一、按照学校相关政策要求，规范我系物品验收相关流程，特制定此规定。
198,2016-06-15,psy.ruc.edu.cn,http://psy.ruc.edu.cn/plus/view.php?aid=222,心理学系图书资料管理规定,一、为加强心理学系的图书、杂志、资料的管理，规范图书资料使用，特制定本规定。
194,2016-06-15,psy.ruc.edu.cn,http://psy.ruc.edu.cn/plus/view.php?aid=221,心理学系办公用品领用规定,一、为加强心理学系办公用的管理，规范办公用品使用，特制定本规定。
105,2016-06-14,psy.ruc.edu.cn,http://psy.ruc.edu.cn/plus/view.php?aid=223,心理学系网站管理制度,第一章  总则
230,2016-06-08,psy.ruc.edu.cn,http://psy.ruc.edu.cn/plus/view.php?aid=220,心理学系会议室使用管理制度,
15,2016-06-07,psy.ruc.edu.cn,http://psy.ruc.edu.cn/plus/view.php?aid=141,讲座 | 心理学系举办文化心理学系列讲座,由中国人民大学心理学系主办，杜艾文教授，吕坤维教授，韩布新教授受邀进行的文化心理学系列讲座于2016年6月3日在公共教学一楼1204教室圆满举行。
90,2016-06-07,psy.ruc.edu.cn,http://psy.ruc.edu.cn/plus/view.php?aid=224,心理学系招生考试保密制度,所有涉及研究生招生考试各保密环节的工作人员，都必须接受保密教育。尤其是命题（审题）人员、涉密人员及监考人员必须具有高度的保密意识。对涉及保密环节的人员，尤其是参与命题（审题）人员、接触试题的工作人员要进行针对性的保密工作宣传和教育，树立保密观念、纪律观念和法制观念，增强责任心，确保试题和考试安全。具体如下：
76,2016-06-02,psy.ruc.edu.cn,http://psy.ruc.edu.cn/plus/view.php?aid=225,心理学系固定资产管理制度,为了切实管好、用好本系的固定资产，充分发挥其在教学、科研中的重要作用，特制定本管理制度：
6,2016-05-26,psy.ruc.edu.cn,http://psy.ruc.edu.cn/plus/view.php?aid=138,2016年拟录取硕士生政审和档案工作的说明,理学院心理系2016年拟录取研究生的政审、调档工作于5月份进行，现将有关要求通知如下：
23,2016-05-25,psy.ruc.edu.cn,http://psy.ruc.edu.cn/plus/view.php?aid=140,【讲座】文化心理学系列讲座,文化心理学系列讲座
120,2016-05-10,psy.ruc.edu.cn,http://psy.ruc.edu.cn/plus/view.php?aid=135,美国东北大学心理系Derek Martin Isaacowitz教授来我系举办学术讲座,
7,2016-05-10,psy.ruc.edu.cn,http://psy.ruc.edu.cn/plus/view.php?aid=137,2016年夏季博士生答辩信息公示,"论文题目：社交网络使用对大学新生适应的影响机制答辩人：王艳答辩时间：2016年5月16日（周一，8:00）答辩地点：汇贤大厦D1015指导老师：雷雳答辩委员会专家成员：苏彦捷：北京大学教授伍新春：北京师范大学教授方 平：首都师范大学教授王争艳：首都师范大学教授俞国良：中国人民大学教授 论文题目：网络购物情景下绿色创新消费的解释水平效应答辩人：王财玉答辩时间：2016年5月16日（周一，8:00）答辩地点：汇贤大厦D1015指导老师：雷雳答辩委员会专家成员：苏彦捷：北京大学教授伍新春：北京师范大学教授方 平：首都师范大学教授王争艳：首都师范大学教授俞国良：中国人民大学教授 论文题目：学习困难少年刻板印象威胁的心理效应答辩人：王琦答辩时间：2016年5月16日（周一,8:00）答辩地点：汇贤大厦D1015指导老师：俞国良答辩委员会专家成员：苏彦捷：北京大学教授伍新春：北京师范大学教授方 平：首都师范大学教授王争艳：首都师范大学教授雷 雳：中国人民大学教授 论文题目：社会转型期青少年心理健康特点与自我抽离的关系答辩人：李天然答辩时间：2016年5月16日（周一，8:00）答辩地点：汇贤大厦D1015指导老师：俞国良答辩委员会专家成员：苏彦捷：北京大学教授伍新春：北京师范大学教授方 平：首都师范大学教授王争艳：首都师范大学教授雷 雳：中国人民大学教授 论文题目：汉语语音/字形象似性的心理学研究答辩人：孙尔鸿答辩时间：2016年5月17日（周二，14:30）答辩地点：汇贤大厦D1015指导老师：张积家答辩委员会专家成员：彭聃龄：北京师范大学教授李兴珊：中科院心理所研究员胡 平：中国人民大学教授张清芳：中国人民大学教授时 勘：中国人民大学教授 论文题目：义符启动范式下义符语义、语法信息的激活以及时间进程的研究答辩人：章玉祉答辩时间：2016年5月17日（周二，14:30）答辩地点：汇贤大厦D1015指导老师：张积家答辩委员会专家成员：彭聃龄：北京师范大学教授李兴珊：中科院心理所研究员胡 平：中国人民大学教授张清芳：中国人民大学教授时 勘：中国人民大学教授 论文题目：抗逆力对自我调节行为及工作绩效的影响机制研究答辩人：万金答辩时间：2016年5月17日（周二，14:30）答辩地点：汇贤大厦D1015指导老师：时勘答辩委员会专家成员：彭聃龄：北京师范大学教授李兴珊：中科院心理所研究员胡 平：中国人民大学教授张清芳：中国人民大学教授张积家：中国人民大学教授"
74,2016-05-10,psy.ruc.edu.cn,http://psy.ruc.edu.cn/plus/view.php?aid=136,讲座 | “如何获得幸福：来自老年心理学研究的启示”专题讲座,2016年5月7日上午9:00，中国人民大学心理系于明德法学楼0401教室举办了“如何获得幸福：来自老年心理学研究的启示”专题讲座，由美国东北大学心理系DerekMartinIsaacowitz教授为同学们带来了这一场精彩的演讲。
37,2016-05-06,psy.ruc.edu.cn,http://psy.ruc.edu.cn/plus/view.php?aid=132,Using the theory of planned behaviour to explain use of traditional Chinese medicine among Hong Kong,
200,2016-04-25,psy.ruc.edu.cn,http://psy.ruc.edu.cn/plus/view.php?aid=130,要闻 | 我系时勘教授主持社科基金重大项目获《人民论坛》高度评价,"我系时勘教授承担的国家社会科学基金重大项目“中华民族伟大复兴的社会心理促进机制研究”的子课题“我国城市廉洁文化建设评估模式研究”,采用新型的行为等级锚定测量工具，设计出上-下级配对评估的方法，通过对重庆渝中区党政机关和11个下属街道办事处1579名被试（含纪检干部、街道办事处干部以及社区民众）进行的城市廉洁文化建设有效性评估，在心理学理论和廉政管理实践方面取得了一定突破。这一科学评估模式在两会召开前夕受到有关领导部门的关注，2016年3月1日在全国人民代表大会开幕前夕，该成果在中央党报《人民论坛》头版以“重庆渝中科学评估助推廉洁文化建设”予以报道，引起强烈的社会反响。"
244,2016-04-22,psy.ruc.edu.cn,http://psy.ruc.edu.cn/plus/view.php?aid=129,如何获得幸福：来自老年心理学研究的启示,
227,2016-04-22,psy.ruc.edu.cn,http://psy.ruc.edu.cn/plus/view.php?aid=128,中国人民大学心理学系学科国际前沿教师培训,
27,2016-04-22,psy.ruc.edu.cn,http://psy.ruc.edu.cn/plus/view.php?aid=127,中国人民大学心理学系 应用心理学高端论坛,
211,2016-04-20,psy.ruc.edu.cn,http://psy.ruc.edu.cn/plus/view.php?aid=125,应用心理学系列主题沙龙-中外心理学名家讲座,Whatthestudyofagingcanteachusabouthappiness如何获得幸福：来自老年心理学研究的启示主讲人：DerekMartinIsaacowitz教授Isaacowitz教授现任美国东北大学心理学系教授，研究领域为情绪与老年心理学。曾获得美国宾夕法尼亚大学心理学博士学位、和美国斯坦福大学心理学学士学位。Isaacowitz教授担任PsychologyandAging，Emotion等顶级学术期刊副主编，同时也是JournalofPersonalityandSocialPsychology，JournalofGerontology等顶级期刊的编委，APA，APS，GSA，SESP，ISRE，SPSP等国际学术组织成员。日期：2016年5月7日（星期六）时间：9:00—12:00地点：明德法学楼0401提示：本次讲座专为心理学高级课程研修班同学（北京班）设置，为方便同学特安排英文翻译，欢迎1班、2班、3班同学参加。
43,2016-04-20,psy.ruc.edu.cn,http://psy.ruc.edu.cn/plus/view.php?aid=126,应用心理学系列主题沙龙-中外心理学家讲座,
111,2016-04-20,psy.ruc.edu.cn,http://psy.ruc.edu.cn/plus/view.php?aid=123,2015年9月同等学力申请硕士学位论文阶段名单,
69,2016-04-16,psy.ruc.edu.cn,http://psy.ruc.edu.cn/plus/view.php?aid=219,心理学系教职工考勤及请假管理办法,
212,2016-04-12,psy.ruc.edu.cn,http://psy.ruc.edu.cn/plus/view.php?aid=118,对眼睛大小的估计也会有错觉吗？,对眼睛大小的估计也会有错觉吗？
160,2016-04-12,psy.ruc.edu.cn,http://psy.ruc.edu.cn/plus/view.php?aid=120,An intermediary enhances outgroup trust and ingroup profit expectation of Chinese but not Australian,By JiawenYeandSikHungNg
165,2016-04-12,psy.ruc.edu.cn,http://psy.ruc.edu.cn/plus/view.php?aid=121,心理学系系列学术讲座--《双语具身认知》,心理学系系列学术讲座--《双语具身认知》
4,2016-04-12,psy.ruc.edu.cn,http://psy.ruc.edu.cn/plus/view.php?aid=119,人类的视觉信息处理加工通路的研究,研究人：李雪婷
106,2016-04-12,psy.ruc.edu.cn,http://psy.ruc.edu.cn/plus/view.php?aid=117,气功有利于有丧亲经历的慢性疲劳综合症人群的健康,"研究人：李洁丧亲是对大部分人来说都是一个不小的应激事件，而这一事件的适应往往会引起一系列认知和躯体症状，例如疲劳，失眠，抑郁等等。目前对改善丧亲者的身体和心理健康的干预手段主要有心理教育、认知治疗和药物治疗等，但这些干预的门槛较高，例如需要受过培训的专业人士，接受干预的场地以及当事人愿意接受药物的副作用等。同时，研究并未发现有可靠的能改善丧亲者心理和身体状况的干预。本研究采用随机分组设计，研究练习气功对有丧亲经历的慢性疲劳综合症人群是否有促进健康的作用。慢性疲劳综合症是由一系列躯体和认知的症状为特征，例如疲倦，肠胃不适，没有胃口等，但又无显著的临床诱因的一种综合症。患者发病前常经历显著的应激事件，同时大部分患者由于检查不出躯体诱因，也较少寻求对症治疗。可料见的是，有丧亲经历同时又有慢性疲劳综合症对当事人来说是一个精神和身体的双重负担，其健康状况和生活满意度都堪忧。研究将参加者分成两组，实验组进行连续5周每周2次的气功课程，并完成每周至少3次，每次15-30分钟自己在家里的气功练习。研究者测量了开始干预前的基线，以及干预完成后3个月的参加者的健康水平。结果发现，气功练习组的疲劳症状有显著降低，并且他们在灵性健康、生活满意度等方面都比控制组有显著的增强。研究提示，气功练习可考虑为一种提供给丧亲者自己操作实施的改善身体和精神健康的方法。  文献：1.        Li,J.,Chan,J.S.M.,Chow,A.Y.M.,Yuen,L.P.,Chan,C.L.W.,Frombodytomindandspirit:Qigongexceriseforbereavedpersonswithchronicfatiguesyndrom-likeillness.Evidence-BasedComplementaryandAlternativeMedicine2015,articleID631410,7pages,2015."
25,2016-04-11,psy.ruc.edu.cn,http://psy.ruc.edu.cn/plus/view.php?aid=116,心理学系2016年博士复试名单,
101,2016-04-11,psy.ruc.edu.cn,http://psy.ruc.edu.cn/plus/view.php?aid=114,互联网+社会心理研究中心,“互联网+社会心理”研究成立于2016年1月，中心全体成员拟在互联网心理研究专家雷雳教授的带领下，开展网络与个体（包括网络与认知、网络与自我、网络与性别）、网络与人际（包括网络与人际关系、网络亲社会行为、网络偏差行为）、网络与群体（网络社会认同、网络群体性行为）、网络与文化（网络游戏与音乐、网络信息与学习、网络心理咨询、网络与消费）以及健康上网（网络成瘾、网络与幸福、健康上网与网络安全）的研究。中心在原有研究基础上也将致力于开展青少年网络行为与心理研究、新媒体与社会研究、人机交互信任研究、网络社会排斥研究、网络决策和情绪研究、大数据环境下的心理过程与机制研究等。
180,2016-04-11,psy.ruc.edu.cn,http://psy.ruc.edu.cn/plus/view.php?aid=115,心理学系2016年博士生复试安排,心理学系2016年博士生复试安排
75,2016-04-05,psy.ruc.edu.cn,http://psy.ruc.edu.cn/plus/view.php?aid=113,要闻 | 中国人民大学心理学系特殊儿童行为研究基地成立,"为践行中国人民大学心理学系十三五规划中关于理论联系实际、研究与应用结合、增强社会服务的发展思想，在“世界孤独症日”的前一天，4月1日,受心理学系系主任胡平教授委托，由心理学系学术委员会主席张积家教授带队，我系三名教师赴石景山区小飞象特殊儿童学校，签署成立“中国人民大学心理学系特殊儿童行为研究基地”的协议。"
19,2016-03-30,psy.ruc.edu.cn,http://psy.ruc.edu.cn/plus/view.php?aid=108,社会心理学课程简介,"《社会心理学》 课程简介1.社会心理学主要关注社会情境与个体的心理现象和行为之间的交互作用。所有的社会问题，例如权力斗争、政治腐败、经济萧条、恶性竞争等都包含社会心理学因素，但是社会心理学不是研究社会问题的学科。社会心理学关注个体如何受到社会情境的影响。2.社会心理学是心理学的一个重要的分支，所涵盖的范围很广，涉及的方面渗透于心理学的许多分支领域，也是心理学专业学生的一门重要的专业课程。3.实验社会心理学遵循严格的实验性验证的方式，不断排除各种可能的假设，同时采用各种科学的研究方法，对基本心理过程进行研究。 教学目的\Thiscoursewillintroduceyoutothetheoreticalperspectives,researchmethods,andempiricalfindingsofsocialpsychology.Thethreemaingoalsofthiscourseareforyoutolearn:1)Themajorconcepts,researchfindingsandissuesinthefieldofsocialpsychology.2)Howsocialpsychologistsderiveandtesttheirtheoriesandhypothesesthroughresearch.3)Howsocialpsychologyappliestoyourownlife. 课程安排本课程分为老师教学和学生研究型学习两部分，教学部分选取社会心理学中重要且经典的理论及实证发现，分为十次专题，并提供相关研究的经典和最新进展的文献，帮助同学们进一步加深理解。授课以英文为主，注重课上与学生的交流互动，课件上传至公共邮箱供同学们下载。以下为授课内容："
238,2016-03-30,psy.ruc.edu.cn,http://psy.ruc.edu.cn/plus/view.php?aid=98,社会认知与健康促进研究中心,社会认知与健康促进研究中心	 中心简介	我们综合运用多种研究方法，包括传统的问卷调查、行为实验，和脑成像（脑电EEG、事件相关电位ERP、功能性磁共振成像fMRI、功能性近红外光学成像fNIRS），以及脑刺激（经颅直流电刺激tDCS）技术，研究社会知觉、社会适应、结果评价，及对健康有较大影响的几种心理疾病（如抑郁症、焦虑症和复杂哀伤等）的认知机制和脑机制，并致力于将以上研究结果应用于个体身心健康的促进。	 成员简介买晓琴，女，中国人民大学心理学系副教授。2005年在中国科学院心理研究所获得基础心理学专业理学博士学位；2005年-2012年，在美国密歇根大学（UniversityofMichigan）心理学系与人类发育和发展研究中心从事博士后研究。主要研究方向为综合应用多种脑成像技术（EEG/ERP，fMRI，fNIRS）以及脑刺激技术（tDCS）研究儿童与成人高级认知功能的脑机制及其和情绪之间的相互影响，具体包括心理理论的脑机制、结果评价的神经机制及其影响因素；同时也关注精神疾病如焦虑症、自闭症对成人与儿童社会认知功能的影响及其神经机制。	 李欢欢，女，中国人民大学心理学系副教授。1994年毕业湖南医科大学（现中南大学湘雅医学院）精神病与精神卫生系，之后在内科和精神科临床工作5年。2002年7月毕业于中南大学湘雅二院医学心理研究中心，获心理学硕士学位。2005年7月毕业于中国科学院心理研究所，获理学博士学位。2005年7月－2010年11月，为中山大学心理学系讲师、副教授。2010年11月至今，在中国人民大学心理学系工作。研究兴趣为网络成瘾和自杀的心理易感模型、神经生理机制和干预研究。	 李永娜，女，中国人民大学心理学系讲师。纽约州立大学博士。主要研究兴趣是社会知觉。社会知觉是对其他人的知觉，关注的是人们如何形成关于他人的印象和如何做出关于他人的一些推断。在社会交互和人际交往过程中，人们会通过收集他人的外貌信息、语言和非语言交流的信息来判断他人的感觉和情绪。面部表情、语调、手势等都是重要的信息源。我们主要是关心人们对他人的面部表情的加工及面部其他信息的加工，以及这些加工在社会知觉中的作用是什么。	 李洁，女，中国人民大学心理学系讲师。本科毕业于中山大学心理学系，硕士毕业于北京大学心理学系，博士毕业于香港大学社会工作系。美国死亡教育与咨询协会注册生死学家。研究兴趣包括丧亲人群的心理健康，情绪调节及支持干预；复杂哀伤的认知机制，面对丧失（loss）的心理反应，及应对挫折后的个人成长。研究方法包括实验，问卷及定性研究等。
245,2016-03-30,psy.ruc.edu.cn,http://psy.ruc.edu.cn/plus/view.php?aid=101,2015本科应用心理学专业培养方案,
0,2016-03-30,psy.ruc.edu.cn,http://psy.ruc.edu.cn/plus/view.php?aid=97,群际心理研究中心简介,本研究中心旨在探研中国社会与文化变迁背景下的各种群际心理，包括中华民族多元一体格局下的民族心理与民族关系，全球化与文化混搭背景下的文化（国家）认同与文化间（国家间）关系，不同社会阶层群体及其成员的群体认同、群际情绪与群际行为，社会变迁背景下人们对不同社会群体的知觉和态度，等等。在吸取国外社会认知（如刻板印象内容模型）、社会认同理论视角的基础上，着力对受中国文化价值观与思维方式影响下的存在权力与地位不对等的群际心理进行本土分析，以揭示中国社会与文化变迁过程中不同个体与群体的适应及其社会互动的规律。	 	中心成员：	胡平	张积家	时勘	张登浩	刘聪慧	韦庆旺	张晶	陈晓晨	刘东
68,2016-03-30,psy.ruc.edu.cn,http://psy.ruc.edu.cn/plus/view.php?aid=100,语言，文化与认知研究中心,"语言，文化与认知研究中心CenterofLanguage,Culture,andCognition(CLCC)中心简介中国人民大学语言，文化与认知研究中心是中国人民大学心理学系系属研究机构，成立于2016年1月7日。人类的学习和认知以语言为基础，语言知识积淀为文化，人类的学习、认知和人格都受到语言和文化的影响。中心的主要工作是进行心理语言学和认知心理学领域的理论和应用研究，促进各个成员之间的交叉合作，在研究方法和主题上进行深入交流。开展国际交流，推动心理语言学和认知心理学研究和教学的发展。"
187,2016-03-30,psy.ruc.edu.cn,http://psy.ruc.edu.cn/plus/view.php?aid=109,社会心理学专业介绍,
178,2016-03-30,psy.ruc.edu.cn,http://psy.ruc.edu.cn/plus/view.php?aid=112,心理语言学专业介绍,
89,2016-03-30,psy.ruc.edu.cn,http://psy.ruc.edu.cn/plus/view.php?aid=110,基础心理学专业介绍,
147,2016-03-30,psy.ruc.edu.cn,http://psy.ruc.edu.cn/plus/view.php?aid=107,认知神经科学课程简介,《认知神经科学》
153,2016-03-30,psy.ruc.edu.cn,http://psy.ruc.edu.cn/plus/view.php?aid=111,应用心理学专业介绍,
208,2016-03-30,psy.ruc.edu.cn,http://psy.ruc.edu.cn/plus/view.php?aid=99,社会心理与脑科学研究中心,社会心理与脑科学研究中心
210,2016-03-22,psy.ruc.edu.cn,http://psy.ruc.edu.cn/plus/view.php?aid=74,2016年心理学系硕士研究生复试分数线,
103,2016-03-22,psy.ruc.edu.cn,http://psy.ruc.edu.cn/plus/view.php?aid=72,心理语言学专业介绍,
112,2016-03-22,psy.ruc.edu.cn,http://psy.ruc.edu.cn/plus/view.php?aid=68,2013和2014本科应用心理学专业培养方案,
248,2016-03-22,psy.ruc.edu.cn,http://psy.ruc.edu.cn/plus/view.php?aid=70,基础心理学专业介绍,
99,2016-03-22,psy.ruc.edu.cn,http://psy.ruc.edu.cn/plus/view.php?aid=76,2015理学院心理学系培养方案_应用,
114,2016-03-22,psy.ruc.edu.cn,http://psy.ruc.edu.cn/plus/view.php?aid=73,心理学系2016年硕士研究生入学考试复试实施办法,
96,2016-03-22,psy.ruc.edu.cn,http://psy.ruc.edu.cn/plus/view.php?aid=67,招生信息1测试,
124,2016-03-22,psy.ruc.edu.cn,http://psy.ruc.edu.cn/plus/view.php?aid=55,教学服务测试,
104,2016-03-22,psy.ruc.edu.cn,http://psy.ruc.edu.cn/plus/view.php?aid=71,应用心理学专业介绍,
55,2016-03-22,psy.ruc.edu.cn,http://psy.ruc.edu.cn/plus/view.php?aid=79,心理语言学硕士培养方案-20150107,
56,2016-03-22,psy.ruc.edu.cn,http://psy.ruc.edu.cn/plus/view.php?aid=77,2015理学院心理学系培养方案_基础,
182,2016-03-22,psy.ruc.edu.cn,http://psy.ruc.edu.cn/plus/view.php?aid=69,社会心理学专业介绍,
226,2016-03-22,psy.ruc.edu.cn,http://psy.ruc.edu.cn/plus/view.php?aid=78,2015理学院心理学系培养方案_社会,
36,2016-03-22,psy.ruc.edu.cn,http://psy.ruc.edu.cn/plus/view.php?aid=53,情绪与健康发展研究中心,情绪与健康发展研究中心简介中心简介：	情绪是人类心智的重要科学话题，研究情绪对改善人们的心身健康，促进社会的和谐进步具有重要的现实意义。本研究中心依托中国人民大学心理学系，成立于2015年12月，将情绪与健康发展作为主要研究方向。我们致力于通过以心理科学为主导的多学科交叉的研究方法和研究技术，注重从“基础认知-情绪机制-健康与发展-社会交互”的视角探索情绪的复杂心理机制和生物学基础。目前实验的研究方向主要包括：认知控制与情绪调节、情绪能力、情感计算和情绪发展与健康。研究对象涉及正常儿童、正常成年人、老年抑郁症患者、自闭症儿童等。研究手段涵盖心理测量、行为分析、EEG/ERP、FNIRS、MRI/fMRI、眼动记录和计算机模拟等多种技术。中心团队：	温晓通(中心主任)：	研究专长：注意、认知控制、大脑功能网络交互机制，跨脑区信息流交互分析方法。	胡平(主要成员)	研究专长：儿童依恋、幸福感、情绪维度与跨文化比较、家庭关系、罪恶感情绪、幽默感、情绪调节。	张晶（主要成员）	研究专长：情绪调节、认知控制与自动情绪调节、情绪的脑半球偏侧化	李永娜（主要成员）	研究专长：视听通道信息整合、注意、记忆、满意度、抑郁
169,2016-03-22,psy.ruc.edu.cn,http://psy.ruc.edu.cn/plus/view.php?aid=58,心理学研究法方法课程简介,《心理学研究方法》 课程简介季米里亚捷夫认为，一个伟大的科学家是由诗人的创造，哲学家的辩证，探险家的技艺组合起来的，而组合的方法就是科学研究方法。心理科学研究方法是心理学系本科学科基础课之一，它在顺应学术发展，形成学习者合理的专业知识基础和能力结构方面起着十分重要的作用。心理研究方法课程旨在帮助学习者较深入地了解心理科学研究过程，理解心理学研究科学性的基本思想，掌握研究的基本程序和方法，清楚衡量心理学研究的基本指标。这门课在促进学习者养成科研意识和科学态度，切实掌握心理科学研究的常用基本方法和技术起着基础性支撑作用，能形成和增进学习者的心理科学研究素质与能力。 内容提要心理学研究是建立在科学思想的基础上的，所以本门课比较系统地介绍了心理学研究的整个程序，从科学思想的起源，到科学研究的伦理；从研究问题的选择，到文献综述以；从收集数据方法，到整理数据的方法；从研究项目申报到研究报告撰写都会涉及。本课程强调科学性、先进性、应用性和综合性，注重对学生在基本理论、方法和研究能力上的培养。 课程理念1、学习者是课程的主体。区别于以老师为中心，以知识传递为目标，以学生为接受知识的对象的教学方式，强调学生是学习的主导者。通过对分课堂设置，强调课堂内外的讨论和持续，强调学生学习主体角色的提升；2、学习是学习者的深度社交工具。鼓励学生通过学习迅速建立深入的人际关系；依托微信群的资料推送，小组的评价和讨论，使得同伴学习和共同学习成为本课程的重要特色；3、探究式学习是核心。要求学生在教师指导下，让学生以小组为单位，从学习和社会生活中选择和确定研究课题，主动地搜集资料、获取知识、分析整理、小组讨论、形成学习报告、与同学分享以及老师点评相接合，促进学生对问题的深入理解。 授课方法1、对分课堂。对分课堂的核心理念是把一半课堂时间分配给教师进行讲授，另一半分配给学生以讨论的形式进行交互式学习。类似传统课堂，对分课堂强调先教后学，教师讲授在先，学生学习在后。类似讨论式课堂，对分课堂强调生生、师生互动，鼓励自主性学习。2、微信群资料推送。随着教学内容的发展，教师推送相关的资料和模板，提供大家可参考的模板，提升课后学习的质量。3、共同学习和探究式学习。从选题开始，鼓励学生讨论，要求助教加入学生的讨论群体中，鼓励学生将讨论实录记录下来，作为教师评价和点评的重要资料来源。 考核方式1、对分课堂中布置作业，前八周每周都有一个小作业，通过小作业，要求同学课后读书，进行思考，进行准备；作业占25%。2、每个人提交论文。后八周每个同学完成自己的研究论文。从小组讨论彼此选题，到方法研讨，到数据获得，到文章完成。通过检验小组合作的方式鼓励探究式学习，论文占25%。3、期末闭卷考试。对知识点的重新整理，对理论和概念的重新体会，加深对知识的掌握理解程度，闭卷占50%。 寄语1、学习能力是现代人的核心竞争力；唯一持久的竞争优势是具备比竞争对手学习得更快的能力2、学习改变认知、认知的高度决定未来的高度3、学习发生在课堂之前、学习发生在课堂之后、学习发生在课堂之外；4、要成为知识的消费者首先要学习成为知识的生产者；5、让科学方法成为你成长的翅膀。
167,2016-03-22,psy.ruc.edu.cn,http://psy.ruc.edu.cn/plus/view.php?aid=57,学生活动测试,
109,2016-03-16,psy.ruc.edu.cn,http://psy.ruc.edu.cn/plus/view.php?aid=217,心理学系办公室管理制度,一、办公室职责范围
206,2016-02-26,psy.ruc.edu.cn,http://psy.ruc.edu.cn/plus/view.php?aid=46,心理学系教师应邀参加亚洲社会心理学双年会,"2013年8月21日至8月26日，由系主任孙健敏教授带队，中国人民大学心理学系四位教师和两位研究生应邀赴印度尼西亚日惹参加第10届亚洲社会心理学会双年会。亚洲社会心理学会是亚洲和泛太平洋地区最有影响力和活力的心理学学术团体之一，每两年召开一次双年会，此次会议的主题为“以生态群落整合和文化多元化为平台提升生活质量：本土心理学、社会心理学和文化心理学的促进与发展”（EnhancingQualityofLifethroughCommunityIntegrityandCulturalDiversity:PromotingIndigenous,Social,andCulturalPsychology）。来自亚洲各国的上千名专家学者围绕大会主题进行了深入而广泛的交流。"
31,2016-02-26,psy.ruc.edu.cn,http://psy.ruc.edu.cn/plus/view.php?aid=45,心理学系教师应邀参加“ERP研究与应用研讨会”,9月13日至9月15日，中国人民大学心理学系教师买晓琴应邀赴安徽省黄山市参加第一届ERP研究与应用研讨会。本次研讨会由四川应用心理学研究中心主办，安徽医大、深圳大学、中国认知科学学会社会认知科学专业委员会和国际社会神经科学学会中国分会协办。
130,2016-02-26,psy.ruc.edu.cn,http://psy.ruc.edu.cn/plus/view.php?aid=44,2011心理本科班举办光棍节包饺子活动,11月10日，我院2011心理本科班发起并组织了光棍节包饺子活动，心理系各个年级共计50余人参加。
253,2016-02-26,psy.ruc.edu.cn,http://psy.ruc.edu.cn/plus/view.php?aid=50,四川地震灾民的复杂哀伤障碍研究,"四川地震灾民的复杂哀伤障碍研究人：李洁 自然灾害对灾民精神健康的影响一直是备受关注的问题。但在以往的研究中，较少有关于丧亲灾民的复杂哀伤情况的数据。这是因为复杂哀伤（complicatedgrief,又称延长哀伤障碍，prolongedgriefdisorder）是一个近年来才被确立的精神疾病。其表现为丧亲者持续而严重的哀伤症状，例如麻木，失去生活的意义，以及对逝者超乎寻常的怀念之情。这些哀伤症状至少持续6个月，并且已经到了干扰当事人正常生活和工作功能的地步。目前国际上对于复杂哀伤障碍的诊断标准尚为达成一致，但是国际疾病分类第11版（ICD-11）已将其确立为一种新的疾病。尽管目前的研究和报告的数据较少，灾民的复杂哀伤情况是是非常值得研究和了解的，这是因为：1一些人未亲历灾难，但有亲人在事件中去世，同样会受到影响。因此从这一角度来说，复杂哀伤的潜在易感人群更加广泛。2自然灾害造成的伤亡往往具有创伤性质，这是造成复杂哀伤的一个风险因素。3复杂哀伤是与其他精神障碍（例如创伤后应激障碍）不同的一种情况，其需要相应的筛查和干预手段。了解灾民复杂哀伤的情况有利于充实对对灾民整体精神健康状况的了解和进一步支持。本研究通过入户访问，在地震发生1年后调查了永川板安置区的居民，并对其中859名在地震中有丧亲经历的人的问卷进行了分析。结果发现按照复杂哀伤问卷在西方人群中的临界分来看，符合显著症状表现的人群占71.1%，而文献中使用同一量表同一标准的在欧美国家自然灾害丧亲者中这一比例为37%-45%。通过多层回归分析发现，有直系亲属去世（包括孩子，配偶，其他家庭成员）都是复杂哀伤的风险因素。但是失去多个亲人的人并不比失去一个亲人的人有更严重的哀伤症状。哀伤程度更多与逝者的关系核心度（失去配偶，孩子）相关，而不是与丧失的数量相关。另外，有PTSD的症状是适应哀伤的不利因素，让丧亲者有更高的经历复杂哀伤的风险。 文献：LI,J.,Chow,A.Y.M.,Shi,Z.,&Chan,C.L.W.(2015).Prevalenceandriskfactorsofcomplicategriefamongearthquakesurvivors.JournalofAffectiveDisorders.doi:10.1016/j.jad.2015.01.003"
163,2016-02-26,psy.ruc.edu.cn,http://psy.ruc.edu.cn/plus/view.php?aid=43,心理知识走进敬老院,11月14日，我系2013级心理硕士班在邢采老师的带领下，走进银铃老年公寓，将老年心理学领域的新知识带给公寓老人。
174,2016-02-26,psy.ruc.edu.cn,http://psy.ruc.edu.cn/plus/view.php?aid=47,中国农民工“生存感受”2013年度报告研讨发布会,党的十八大胜利召开，再一次提升了全社会和各级政府对民生问题的关注。根据十八大的精神，政府强调从人文关怀到制度建设多个方面多个层次来帮助农民工在城市中尊严工作，体面劳动。除此以外，政府还把农民工问题提到重大民生战略问题来考虑，认为关注农民工不仅关乎我国城镇化和现代化的未来，也是实现公平正义和维护社会稳定的需要。
14,2016-02-23,psy.ruc.edu.cn,http://psy.ruc.edu.cn/plus/view.php?aid=42,中外心理学家系列讲座通知,AsystematicreviewofResearchonorganization-basedself-esteem
135,2016-02-22,psy.ruc.edu.cn,http://psy.ruc.edu.cn/plus/view.php?aid=24,2016年1月8-9号办理同等学力学员国考平台个人信息现场确认的通知,2015年申办考试资格证的学员必需参加此次现场确认。请于2016年1月6号前上网http://www.chinadegrees.cn/tdxlsqxt提交个人基本信息及电子照片。特别提醒：不做现场确认，将无法报名全国水平考试；学位信息将无法在教育部备案查询。
170,2015-03-24,psy.ruc.edu.cn,http://psy.ruc.edu.cn/plus/view.php?aid=27,要闻 | 我系与香港岭南大学心理学系签订合作协议,为了进一步落实学校建设国际化高水平大学的战略目标，2月1日至2月4日，由系主任孙健敏教授和副系主任胡平教授带队，我系五名教师赴香港与香港岭南大学正式签署合作协议，并举行学术报告会。同时，我系教师此行顺访了香港中文大学心理学系。
232,2014-05-21,psy.ruc.edu.cn,http://psy.ruc.edu.cn/plus/view.php?aid=26,讲座 | 心理学发展的第三波： 本土心理学的五大难题,5月17日下午，应心理学系邀请，台湾大学心理学系黄光国教授在人民大学明商0102进行了一场精彩的讲座。黄光国教授是心理学领域十分有影响力的学者，著有中英文学术论文数百篇，并出版了二十余部学术著作，有《面子：中国人的权利游戏》、《心理学的科学革命方案》等等。黄教授致力于社会科学本土化运动，重视发展本土社会心理学。本场讲座由心理学系主任孙健敏教授主持，参加本次讲座的有心理学系邢采、李洁等老师，以及60余名学生和校外各界对心理学感兴趣的人士。
140,2014-05-21,psy.ruc.edu.cn,http://psy.ruc.edu.cn/plus/view.php?aid=28,学术 | 心理学系举办第六届Cultural Mixing学术研讨会,5月17-18日，第六届CulturalMixing学术研讨会在中国人民大学心理学系举行。该系列研讨会是由中国社会心理学会理事长杨宜音研究员和中国社会科学院国家千人计划学者、文化心理学家赵志裕教授领导的社会心理学青年学者交流平台，旨在推动发展全球多元文化影响下契合中国社会变迁的社会心理研究。我系的教师一直是该研讨会最活跃的成员群体。CulturalMixing是国际社会心理学的最新研究领域，探讨人们在面对多种文化混杂的环境中的心理与社会适应。研讨会吸引了来自中国社科院、北京师范大学、中科院心理研究所、南开大学、中山大学、武汉大学、四川大学等全国各单位近50名社会心理学优秀青年学者参加。赵志裕教授主持了研讨会，人大心理系主任孙健敏教授和副主任胡平教授，以及多名教师出席了研讨会。
107,2014-05-17,psy.ruc.edu.cn,http://psy.ruc.edu.cn/plus/view.php?aid=40,本土心理学的最新发展,题目：本土心理学的最新发展
192,2014-03-18,psy.ruc.edu.cn,http://psy.ruc.edu.cn/plus/view.php?aid=29,要闻 | 美国富勒神学院心理学院访问我系,3月18日，美国富勒神学院心理学院宗教文化心理学AlvinDueck教授等一行九人到中国人民大学心理学系访问交流。心理学系副主任胡平教授，学术委员会主席张积家教授，李欢欢副教授、温晓通副教授等与AlvinDueck教授一行进行了会谈。会谈持续了两个小时，双方围绕着宗教心理学这一主题展开了热烈的讨论，就跨文化的宗教与心理学的研究以及宗教心理学与儿童教育发展等问题进行深入交流。
155,2014-02-28,psy.ruc.edu.cn,http://psy.ruc.edu.cn/plus/view.php?aid=30,本科 | 心理学系召开副修学生见面会,2月26日，心理学系对从本学期开始副修心理学系课程的学生召开了见面会。心理学系主任孙健敏教授，系副主任胡平教授参加了本次见面会。
126,2014-02-24,psy.ruc.edu.cn,http://psy.ruc.edu.cn/plus/view.php?aid=31,要闻 | 我系时勘教授的政策建议获得中央领导批示,最近，时勘教授根据课题研究的结果提出，我国红十字组织自身具有独立性、公益性和统一性特点，在重大社会活动中，有关部门要高度重视发挥应急处置和医疗救护方面的人道救援作用，并向中央领导提出了政策建议。12月25日，中央政治局委员、中央政法委书记孟建柱同志在关于“红十字组织作为国家安全维稳力量应予以重视”的上报材料上做出重要批示，要求加强重视。近日，主管部门已根据此批示，专门召开了论证会，心理学系时勘教授应邀参会做专题发言。目前，有关部门正在落实相关政策建议。
