title,datetime,url,content,source
【节日特辑】艾草悬、粽香飘,2020-06-25,http://mp.weixin.qq.com/s?__biz=MzAxMTAzNjc0MA==&amp;mid=2654040931&amp;idx=1&amp;sn=58928196e6c0a96dafd000d1c80f49ee&amp;chksm=8082e248b7f56b5e79d7489eaf70cb8d5cc06cd3c1b162f0c28c6057e496a247a2e4e8bb3018&amp;scene=27#wechat_redirect,"
点击蓝字 关注我们端午节端午节，为每年农历五月初五。仲夏登高，顺阳在上。五月是仲夏，它的第一个午日正是登高顺阳之日。       据近代学者考证，端午节原为南方吴越民族举行图腾祭礼的节日，用于祈愿龙的保佑，后来又有了纪念屈原等人的说法。数不清的传说，映衬着各色习俗，也许正是端午最为人津津乐道的地方吧。习俗之一   粽子     吃粽子可以说是端午最为人所知的习俗了。不知道大家是否和我一样，听到要吃粽子，才想起来要过端午节了呢_(:з)∠)_     其实早在春秋时期，就有人们用特定的叶子将黍米包成牛角状食用的记载，这样的食物称“角黍”。明清后，粽子多用糯米填充，这时就改称粽子了。     到了现在，对于""舌尖上的中国吃货""来说，粽子的花样是少不了的~     不同粽子的差别大多在口味的咸甜，馅料和米种的选用上，各地的吃法也有所不同。北京的白米粽用纯糯米制成，吃的时候蘸白糖；厦门泉州则以”烧肉粽“最为出名；四川也有不少辣味的粽子......你们家乡的粽子又是什么味道呢~习俗之二   悬艾结绳端午节杂糅了避邪、防疫等多种民俗为一体。艾草和五彩绳便承载着这样的寓意。     悬艾，即挂艾草。民谚说：“清明插柳，端午插艾。” 在端午节，家家户户都要将菖蒲、艾条插于门楣，悬于堂中。人们在这一天洒扫庭院、挂艾枝、悬菖蒲、洒雄黄水、饮雄黄酒、以求激浊除腐、杀菌防病。            结绳，即佩戴五彩绳。五色丝线，是端午节吉祥饰物，拴五色丝线之俗源于我国古代的五行观念，古代崇尚五色，以五色为吉祥色。通常给小孩子系上，寓意避邪驱瘟。其余     习俗那么多，这里又怎么讲的完呢？     难得的能和家人一起过节（虽然恰逢结课季），想必大家都一定安排好了这个三天小假期吧，学习之余，也和家人一起感受一下节日的气氛吧~RUC扫码关注我们关注更多志愿活动~~推送：外宣部
",中国人民大学信息学院青年志愿者协会
【节日特辑】父爱：如山般威严，如海般厚博,2020-06-21,http://mp.weixin.qq.com/s?__biz=MzAxMTAzNjc0MA==&amp;mid=2654040820&amp;idx=1&amp;sn=64c551480274bcdf3eec104ddfdf548b&amp;chksm=8082e3dfb7f56ac9293184b5fc555e50e70329c71e709086cf7c4cc3e7e20a69802f0bbef011&amp;scene=27#wechat_redirect,"
点击蓝字关注我们父亲节快乐Father's Day012020.6.21——父亲节父亲节（Father's Day），顾名思义是感恩父亲的节日。约始于二十世纪初，起源于美国，现已广泛流传于世界各地，节日日期因地域而存在差异。最广泛的日期是6月的第三个星期天，也是我们平时所熟悉的父亲节日期。2020年的父亲节是6月21日。谢谢你，父亲父亲，在每个人的生命中扮演着多变的角色——迷茫时，为你照亮前行的路困难时，向你伸出无私帮助的手他是大山，让你站在他的肩头他是绿树，为你撑起一片绿荫而你，是他这辈子最完美的礼物是他从不掩饰的人生骄傲Father's Day02我们做点啥我们也许无法为父亲分担一些工作劳动，但在父亲节，我们可以给老爸做他最喜欢吃的菜。或者说父亲节正好赶上周末，可以带着父亲在城市周边的旅游景点游玩散散心，还可以准备一些小礼物，给老爸一个大大的小惊喜。实在不行，和老爸聊聊天，或者写一份含蓄而又深情的信，也是极好的。2020/6/21 父亲节 03祝福父亲父亲节来了，这里整理几句金句，为还没想好如何向父亲祝福的同学准备。01爸爸，您的生命不是春光胜似春光，并象夏天的太阳一样火热，有着秋天枫叶一般的色彩，时值霜天季节，也格外显得神采奕奕。祝福您，永远安康！02诚心感激父爱，责任贵于温暖，付出不求回报，深情表现低调，人生一次父爱哪里找，永世不能忘掉。愿父亲开开心心，快乐不老。03父亲是那蓝蓝的天，映照着我们灿烂的笑脸;父亲是那巍峨的山，挺立着我们生活的坚韧;父亲是那肥沃的土，滋养着我们的幸福。真诚祝您父亲节快乐。信息信息青协青协长按识别二维码关注更多志愿活动~
",中国人民大学信息学院青年志愿者协会
【节日特辑】给母亲送上一份特别的礼物,2020-05-10,http://mp.weixin.qq.com/s?__biz=MzAxMTAzNjc0MA==&amp;mid=2654040805&amp;idx=1&amp;sn=742e8760126c5a5ab71b7f1402311b16&amp;chksm=8082e3ceb7f56ad8f03e38bdef448c8a4c5e81be51183ce7e1be802e9e305a5e699b8c851a54&amp;scene=27#wechat_redirect,"
点击蓝字 关注我们01    今年的五月十日是中国的母亲节。按照这一天的节日习俗，子女会向母亲献上贺卡、康乃馨或者忘忧草，来表达自己对母亲的爱，以及那份感恩和尊敬。但是有时，特别的爱也需要一些用心的想法去表达，所以接下来让我们一起去看一看几种不一样的礼物吧！给母亲烤一份蛋糕02    小时候，我们或在饭桌前吵闹，或耐心地坐在椅子上，等待母亲从厨房里走出来，端上几碗几碟喷香可口的饭菜。    后来我们长大了，发现弥散着香味的地方并不只有那个小而温馨的厨房。但是对于母亲来说，在我们成人离家后，那些在油烟中浸泡的岁月也逐渐远去。是时候从母亲手里接过案板和锅铲，为她做上一桌诚意满满的菜肴，以及新鲜出炉的节日蛋糕。一场别出心裁的旅游03    上一次和母亲一同出门旅游是什么时候呢？还记得你们一起去过哪些地方吗？你会在和朋友的旅行中给父母家人发去路上的照片和见闻吗？这段时间在家待了几个月，父母会不会也在房间里“闷到发霉”呢？定下目的地，提前订好车票和酒店，再做一个详细的计划安排，相信父母得知后一定会相当惊喜！但也别忘了疫情防控时期的政策要求，毕竟在他们心中，家人的安全永远是第一位！一次心与心的交流04    相信今年疫情以来，大多数人都是和父母一起待在家中。或许我们会为日常中的小摩擦而和家人闹变扭；或许因为在家里相处太久而忽视了紧紧陪在身边的人。但千万不要忘记，即使口头上表达了一些不满，在母亲的心中从不会对子女的存在感到厌烦。她是家中最关心我们、为我们操劳最多的人。所以最后一份礼物，是一次让彼此敞开心扉的谈话，这样才能用最真切地语言表达出自己的情感。最后祝所有的母亲母亲节快乐！关注信息青协获取更多志愿信息_
",中国人民大学信息学院青年志愿者协会
【活动总结】今天你打卡了么？,2020-05-01,http://mp.weixin.qq.com/s?__biz=MzAxMTAzNjc0MA==&amp;mid=2654040752&amp;idx=1&amp;sn=f7bab030a32425df19f9c8c95590e2e7&amp;chksm=8082e39bb7f56a8dbdecd63971a66eea727390f997525e8c642b5245a13d53b9b475812a08ec&amp;scene=27#wechat_redirect,"
点击蓝字关注我们     不知不觉间，距离3月23日青小协开始健康打卡活动，已经过去一个月啦！让我们看看大家的打卡情况如何啊(๑>؂<๑）0102030405滑动查看更多     不知道大家是否发现有的日子无人打卡，因为那是......周末啊┗( ˘ω˘ )┛美好的周末我们当然要好好放松降低学习强度啦。毕竟适当地调节才可以更好的投入到学习生活当中去嘛╯﹏╰（强行解释）。     请参与打卡活动的同学放心，青小协已经对每个群的活跃成员进行了统计，流量卡奖励将在大家返校以后发放给勤奋打卡的同学（北京已经降低突发公共卫生事件相应级别了，我们返校还会远吗）     青小协的打卡群试运营暂告一段落，我们的本意是希望通过打卡的方式，督促大家即使无法正常开学，也不要抛弃良好的作息习惯，专注于学习生活，同时兼顾身体素质。通过一个月的试运营，我们也发现每位同学有自己的学习习惯，我们也很难找到一个合理的统一标准。毕竟在家上学的环境和学校有所不同，相信大家已经找到适合自己的学习模式。青小协也期待尽早开学，与大家见面，继续我们的志愿之旅(づ ●─● )づ关注信息青协获取更多志愿信息编辑：外宣部请种下你最迫切的心愿早日开学在家不胖提前做ddl学习超常
",中国人民大学信息学院青年志愿者协会
【活动】健康生活 天天打卡！,2020-03-20,http://mp.weixin.qq.com/s?__biz=MzAxMTAzNjc0MA==&amp;mid=2654040746&amp;idx=1&amp;sn=638c1cbc322d92e1f2c15604f37e446a&amp;chksm=8082e381b7f56a9759ac6dcc68cf434dbee066a5833c6e562de74f6026347fe7adad2a8cb60e&amp;scene=27#wechat_redirect,"
点击上方蓝字关注我们听说大家过去一个月的生活是这样的：@某位匿名网友但从这周开始大家之前自律而美好的生活似乎要和我们告别了。在教务处的加急督促下，各门课程陆续开课，进入正轨。上一个月后宫里等待临幸的各种综艺、电视剧、游戏app变成了钉钉、腾讯会议，和微信里数不清的课程群及“@全体成员”：有图有真相！！！(╯‵□′)╯︵┻━┻哼!信息不过，很多同学面对这突然的开学，可能还存在一些作息、习惯包括思想上的调整问题。为了减轻大家的烦恼，青小协也想出了一些办法。依照现在各种app的“打卡”监管体制，青小协考虑到大家在作息、锻炼、学习方面的需求，为大家建立了三种打卡群：早起早睡群、运动打卡群、云约学习群，并准备了相应的奖励机制来激励大家。青协早起ZAO QI  早睡ZAO SHUI打卡规则起床打卡：8:00前打卡睡觉打卡：24:00前打卡早起早睡传送门⬇️运动YUN DONG打卡  DA KA打卡规则打卡时间为每日24点前上传keep截图或者其他健身的证明运动打卡传送门⬇️云约YUN YUE学习  XUE XI打卡规则共两个时间段：6:00-18:0018:00以后打卡内容：上课的学习内容做作业、背单词等学习(18点前)传送门⬇️学习(18点后)传送门⬇️规青小协打卡群的运营规则则活动周期青第一期试运行一个月，一个月结束之后进行相关统计。奖励方式每个群打卡数量前十名的同学可获得流量卡奖励。协青小协最后想说的是，打卡群只是一种辅助形式，最重要的还是要大家自己恢复在学校时的状态，尽快投入到正常的学习和生活中。希望大家早早摆脱打卡群的“阴霾”！！点击瓶子，即可领取愿望早日返校按时暑假在家不胖学习超常信息青协扫描二维码关注更多志愿活动~
",中国人民大学信息学院青年志愿者协会
【节日特辑】又是一年女神节,2020-03-08,http://mp.weixin.qq.com/s?__biz=MzAxMTAzNjc0MA==&amp;mid=2654040738&amp;idx=1&amp;sn=4dac291e06a46b72a7f5360cd1fea4ed&amp;chksm=8082e389b7f56a9fa41d38e46994fc77af0041c907eca3ab6f889df3530ffe04203372d9a1eb&amp;scene=27#wechat_redirect,"
点击蓝字关注我们女神节快乐Happy Women's Day   女神节，更熟悉的名字是妇女节，由于女生们似乎不太喜欢这个名字，于是改名女王节、女神节。   关于女神节的前世今生，青小协已经做过一期推送啦，欢迎各位点击右上方图片了解女神节！   今年的女神节和往年有些不一样。百货商场少了熙熙攘攘的人流，白色的口罩成为了大家的出门必备，受疫情影响，今年大量的女神被迫在家营业。摄像头前的女神们扶我起来 我还能。。。   这不仅仅是丰富多彩的课表，更是不少女神老师们的一次勇敢尝试。因为疫情，很多教师开始学习网络授课，通过直播，腾讯会议，线上集中答疑等手段，来做到停课不停学，尽量保证广大学生的学习计划不受到疫情影响。伏案于摄像头前，她们是值得我们感谢的女神。抗疫一线的女神们   当我们在家学习生活时，也有不少女神奋斗在抗疫一线。正如我们在新闻中看到的，抗疫一线的医务工作者超过半数是女性，并且年龄集中在30至40岁，其中不乏刚刚完成专业技能培训的年轻医务工作者。她们将病毒隔离在身前，将人民保护在身后。奋斗在抗疫第一线，这些白衣天使更是我们需要尊敬的女神。 最后青小协祝各位女神们节日快乐，也希望同学们合理规划学习生活，让这个意外长的寒假充实愉快！扫码关注信息青协
",中国人民大学信息学院青年志愿者协会
2020来啦！,2019-12-31,http://mp.weixin.qq.com/s?__biz=MzAxMTAzNjc0MA==&amp;mid=2654040733&amp;idx=1&amp;sn=ca4adca0d7b71e693997d7c228b8721e&amp;chksm=8082e3b6b7f56aa04b6d9b34f70b74e30d14b0498e8bbc33eb3de15fa6507c315718d55b9b49&amp;scene=27#wechat_redirect,"
2020新年到来！2019年青协的小伙伴们同心协力策划筹办了许多活动香山、残联、动物园我们为他们带去欢笑，收获感动2020年新的征程，新的起点我们会更加努力开办更多丰富多彩的志愿活动期待更多同学的参与心系他人，传播温暖时光不止，志愿不息    元旦，即公历的1月1日，是世界多数国家通称的“新年”。元，谓“始”，凡数之始称为“元”；旦，谓“日”；“元旦”意即“初始之日”。    中国历史上的“元旦”一词最早出现于《晋书》。传说    在4000多年前远古的尧、舜盛世之时，尧在位时勤政于民为百姓办了很多好事，很受广大百姓爱戴，但因其子无才不太成器，他没把“部落联盟”的首领位传给自己的儿子，而是传给了品德才能兼备的舜。尧对舜说：“你今后一定要把帝位传交好，待我死后也可安心瞑目了。”后来舜把帝位传给了治洪水有功的禹，禹亦像舜那样亲民爱民为百姓做了很多好事，都十分受人爱戴。后来人们把尧死后，舜帝祭祀天地和先帝尧的那一天，当作一年的开始之日，把农历正月初一称为“元旦”，或“元正”。据说这就是古代“元旦”的由来。各国风俗中国古代元旦的习俗是燃爆竹，换桃符，饮屠苏酒，守岁卜岁，游乐赏灯。现代就是逢年过节都会吃饺子。英国流行新年“打井水”的风俗，人们都争取第一个去打水，认为第一个打水的人为幸福之人，打来的水是吉祥之水。德国人在除夕午夜新年光临前一刻，爬到椅子上，钟声一响，他们就跳下椅子，并将一重物抛向椅背后，以示甩去祸患，跳入新年。在比利时，元旦的早上，农村中的第一件事便是向畜拜年。人们走到牛、马、羊、狗、猫等动物身边，向这些生灵通明：“新年快乐！保加利亚：元旦用餐时，谁打喷嚏谁准会给全家人带来幸福，家主将第一只羊、牛或马驹许给他，以祝愿他给全家人带来幸福。节日意义祝福到青玉案·元夕宋·辛弃疾东风夜放花千树。更吹落、星如雨。宝马雕车香满路。凤箫声动，玉壶光转，一夜鱼龙舞。蛾儿雪柳黄金缕。笑语盈盈暗香去。众里寻他千百度。蓦然回首，那人却在，灯火阑珊处。意义    对于如果说春节是生活中最重大的节日，不分年龄，都可以在情感和仪式上得到生活的馈赠。那么元旦就是给自己的节日，是属于所有在为人生打拼、在人生路上坚持奔行的的人，是真正属于成年人的新年。因为，这一天我们需要的不是热烈的庆贺，需要的是总结和思考。周而复始，年轮交替，回望过去的一年：    自己比当初走了多远？    离梦想更近了，还是更远了？    有哪些重大得失留下了激动或伤痛？    自己的大小目标实现了么，还要多久？    努力的实现每一个完满的元旦，才成就了最终的自己。所以，新的一年，让我们一起承担、勇敢、对生命更加尊重、学会朝好的方向改变。新的一年，让我们不言乏力、不言放弃，思想如新，迎风成长！2020新年快乐！信息青协
",中国人民大学信息学院青年志愿者协会
信息学院青年志愿者协会年终总结大会圆满召开,2019-12-29,http://mp.weixin.qq.com/s?__biz=MzAxMTAzNjc0MA==&amp;mid=2654040722&amp;idx=1&amp;sn=a51bd092ac315bc4ce4c60414a5dd88c&amp;chksm=8082e3b9b7f56aafdce6f4df1ae10ba66ce4b0744ecda4de236101fcfb2682f337daf3e1d652&amp;scene=27#wechat_redirect,"
信息学院青年志愿者协会年终总结大会圆满召开    2019年12月28日下午5：40，信息学院青年志愿者协会年终总结大会在信息楼四楼会议室召开。青协会长、部长、全体干事出席了此次大会。年终总结大会旨在总结这一年来青协取得的成果，对优秀新人、优秀志愿者进行表彰，同时展望未来，促进青协以后进一步的发展。01会议伊始薛钦亮会长发言    会议初始，由薛钦亮会长发言。他向大家阐释了青协的定位和内核，指出青协是一个“有温度的组织”，并且讲述了自己与青协的缘分，分享自己在青协中的成长经历。同时，他对大家这一年来的付出表示肯定和衷心的感谢，并希望大家在青协都能有所思考、有所收获。接下来是各部门部长上台总结02部长总结    第一个上台的是项目部部长孙浩铭同学。他总结了这学期开展过的活动，并提出对开展支教活动的期望。此外，他表扬了项目部干事们的踏实努力，并表示这一年和其他部门的协作配合很愉快。    外宣部部长孙朗宸对外宣部这学期来的工作进行了回顾，对干事的工作情况进行了总结和评价，也对自己部长这个职位的工作情况进了剖析和反思。他希望在新的一年里，大家能将工作做得更好更出色。    办公室部长张浩琛同学介绍了办公室在青协中的定位和平时的工作重点，并分享了自己在担任部长前后的一些心态变化过程，和部员间的相处以及对他们的一些期望；他希望青协能够越做越大，越办越好。    校友办部长胡馨仪同学回顾了校友办这学期的工作，表达了初任部长时的一些成长，如在工作分配、部门协作等方面从最开始的无绪到后来的渐有心得。最后，她预祝大家都能在期末取得理想的成绩。接下来是分部门展示活动03分部门展示项目部    首先上场的是项目部的干事们。他们进行了简短地自我介绍，并且以开展的各项活动为线，回顾了自己这学期在青协的工作并分享了一些自己的亲身经历。同时，他们总结了自己的心得，对未来予以无限的展望。外宣部    外宣部的干事们介绍了外宣部的主要职能以及部门里的每个成员，并以幽默的展示方式极大地活跃了现场的气氛。他们同时也讲述了这学期以来在外宣部的工作经历，表示自己成长并收获了很多。办公室    来自办公室的干事们登场，他们的展示在一片活跃欢乐的气氛中进行。他们以生动风趣的图片和语言向大家介绍了自己部门的成员，博得大家阵阵欢笑。同时，他们回顾了各自做过的工作，分享几个月来在青协的成长经历和感想。校友办    来自校友办的干事们带着严肃的外表和幽默的内核，给大家呈现了整个展示。通过部门介绍、成员介绍，他们揭示了整个部门运作的四个关键词：协作、助力、感恩、奋进。04最佳新人和优秀志愿者颁奖    会长对本学期最佳新人和优秀志愿者颁奖，以表彰他们这学期以来做出的突出贡献，并希望其他新人和志愿者能够向他们看齐。05桌游娱乐    “文武之道，一张一弛。”年会的第一阶段圆满结束后，信息青协的同学们齐聚在阳光地带的紫色小屋里，以桌游娱乐的方式开启了年会的第二阶段。信息学院的同学们暂时放下了还没证明出来的高代题和还没de出来的bug，都沉浸在游戏的欢愉中，忘掉了烦恼与压力。整个场面其乐融融，十分和谐。本次的年会至此也圆满落下帷幕。信息青协，我们再出发～～～    不忘初心，砥砺前行。告别2019，信息青协又度过了充实忙碌，收获满满的一年；展望2020，信息青协将会不止于此，开启又一段崭新的征程。在新的一年里，信息青协将会继续做好每一份工作，带给同学们更多、更好的志愿活动；让我们一起努力，携手同行，共筑青协灿烂的明天。 信息青协关注了解更多志愿信息
",中国人民大学信息学院青年志愿者协会
青协の年终展示——项目部,2019-12-27,http://mp.weixin.qq.com/s?__biz=MzAxMTAzNjc0MA==&amp;mid=2654040717&amp;idx=1&amp;sn=41af92ef1e0d28fc512f13c53d396fa0&amp;chksm=8082e3a6b7f56ab0cfacc764a2781585b668fefb9859d3bee85a0cbf9372f21143ebeac5f326&amp;scene=27#wechat_redirect,"
青协项目部    项目部在这半年里成长迅速，我们很好地结束了这半年的活动策划和项目布置活动，也带着可爱的大一小萌新们熟悉了校园生活，我们在动物园中进行了一次秋游，在游戏和游览中了解熟悉彼此，在团队合作中变得团结。秋游结束后，我们进行了一次部内团建，更加了解彼此，并且交流了一些大学学习和生活上的经验。我们在秋游和部内团建中让彼此更加熟悉~    大一的小孩子们也通过上手写策划，亲自带志愿活动真正地了解了一个志愿活动的组织和策划的方方面面。他们完整策划了收衣活动，并且切实参与进并了解了活动的具体流程和安排，更能明白一个策划需要的细节，他们的编写策划变得熟练起来。    所有一切对于部长和副部也是新奇的，所有的事情都开始由我们做主，我们也更加了解了一个部门的真正运作的机制，更明白各方面该如何统筹调度，对于活动的交接该如何沟通交流。    马上2019也要划上句号，项目部继续冲鸭！！！信息青协编辑：罗碚扫码关注我们
",中国人民大学信息学院青年志愿者协会
青协の年终展示——办公室,2019-12-26,http://mp.weixin.qq.com/s?__biz=MzAxMTAzNjc0MA==&amp;mid=2654040713&amp;idx=1&amp;sn=b0feaefb37320da6a2a9d49bdbad53b7&amp;chksm=8082e3a2b7f56ab4b2c6ec9857219746a6c663da4f58e5260fcc98c7ca1e0e2efd3f901f74a7&amp;scene=27#wechat_redirect,"
点击蓝字关注我们办公室来临我们是办公室     办公室负责整个信息青协的会议承办、组织协调、财务管理、资料保存，并且具体负责组织每学期青协的出游活动。在这里我们一起经历了秋游，检查卫生，爱心捐衣等活动，也变得越来越熟悉~      青协是一个大家庭，办公室是一个小家庭，在这个温馨的环境中，我们彼此之间留下了温暖与开心。脱发爆肝的信院里，办公室还能带给你欢笑和慰藉。这个寒冷的冬天，在一起，我们的心就会很暖。01加入青协第三年的“老人”，平时爱好做志愿，在青协收获了许多美好的回忆。希望大家能够积极参与志愿活动，将志愿精神传递下去。——薛钦亮（分管会长）02非典型理科生，身在数学，心在各种各样奇奇怪怪的好玩的人和事，很高兴在办公室遇到大家，希望大家在办公室成为朋友，有所收获，能发现不同的自己。——张浩琛（部长）喜欢吃喝玩乐的秃头/肥胖少女，在办公室和大家相处地很开心，希望新一年里和大家书写新的故事——范瑞雪（副部长）大家好，我是办公室副部长王丹宇，来自山西，喜欢旅行，喜欢美食，喜欢探索新鲜有趣的东西，希望和大家一起快乐工作，快乐玩耍——王丹宇（副部长）来自四川，爱好动漫、唱歌、宅。很高兴认识大家，希望大家在青协的家庭中有所收获~——付欣（副部长）03可爱的干事们何姿    本人何姿，是的我就是那个跳水冠军（确信）    咳咳，其实我只是一个混迹在信院大佬中的小渣渣啦，很开心能在青协遇到这么多温暖的人，也很开心能和大家一起做志愿，接下来我们也要一起愉快的玩耍鸭！段小凤    我叫段小凤，是办公室的一员。喜欢打羽毛球，喜欢到处转转，因为我们永远在路上。巫雨晴姓名：巫雨晴性别:女性向：待定爱疯爱闹（ps：如果发现我在假正经，不要大意的拆穿我吧）在青协这一学期呢，感觉大家都超可爱，就这样。韩海潮我叫韩海潮，一只来自信息学院的18岁的雄性单身汪，脑子想法很多（比如想出来个小说，新歌，神奇的题目解法）平常没事喜欢看看番，喝水养老。赏析文艺作品，体验简单生活。徐慧聪  大家好，我叫徐慧聪，来自山东临沂兰陵县。  爱好广泛，喜欢打游戏，看电影，逛公园。  偶尔谢谢诗歌，看看小说。  性格比较腼腆（虽然我同学都没看出来）。黄星童    来自重庆，18岁，性别男。爱好就是什么都喜欢一点，都了解一点，但都不懂。平时喜欢看动画、电影、听音乐、玩游戏。很幸运能加入青协大家庭，希望还能和大家一起做志愿，一起划水。信息青协识别左侧二维码，关注我们文字：办公室&&外宣部排版：罗碚
",中国人民大学信息学院青年志愿者协会
青协の年终展示——校友办,2019-12-25,http://mp.weixin.qq.com/s?__biz=MzAxMTAzNjc0MA==&amp;mid=2654040708&amp;idx=1&amp;sn=874a32d25884e7bcf9e2f99eb4a59a44&amp;chksm=8082e3afb7f56ab9089722a07f2433ec3c1e89464485c5c20b134a53c0fa4ad497a72a9a4b55&amp;scene=27#wechat_redirect,"
点击蓝字关注我们校友办信息青协    校友办闪亮登场了！校友办是青协的外交部门和机动单位。我们代表青协，以最可爱的形象，最热情的态度，最可靠的能力接待校友，服务师生，帮助协调青协其他部门工作。我们的工作丰富不单调，在不同的志愿中，我们邂逅不同的人，收获不一样的感受和快乐。    我们倾听返校校友讲述昔日信院风采和今朝重聚之乐，感受到信院人代代拼搏的青春精神，同时畅想一份美好未来。我们在一期一会中感受青协的凝聚力，在香山，捐衣现场，流浪猫基地传递温暖，传播青协精神。接近年末，这学期因缘分走在一起的新的校友办成员们也已经一起干了很多工作，我们会努力做好青协精神传承人，以志愿者的身份创造更多美好！以下是校友办的成员们可爱可亲可靠的会长大大——李逸文校友办部长校友办部长胡馨仪：不怎么吃面的山西人，非典型理科女，共情能力比较突出，表情管理日常失控。喜欢慢节奏的生活，高效率的工作。接近简单快乐的人，看干净明亮的书和电影，做无缘无故快乐的事情。华思远：  很高兴与大家见面，我是华思远，一个经常立flag，但难以违背真香铁律的三分钟热血少年，喜欢看漫画，喜欢运动，唱歌常常被人嘲讽跑调，甚至被合唱的师兄称为天生五音不全（虽然我觉得我唱的挺好）。不喜欢熬夜，但作为信院学子，我知道该来的还是会来的。吴翔宇： 大家好，我是吴翔宇，喜欢看球赛(湖人球迷，网球，足球也懂一点)，喜欢吃肉，喜欢旅游，似乎平时比较安静，不过熟了之后你知道的(滑稽.jpg)段华欣：平时呢活泼开朗比较幽默（谐），喜欢看看电影听听歌，或者是集体玩个啥都可以，比较爱玩也比较贪玩。说话聊天比较有趣（别人的评价），但是严肃的时候也是非常严肃的！！帅气阳光的干事们王国强王国强大家好，我是王国强，一名魔术菜鸡（笑哭）,喜欢看动漫。平静的外表下掩藏着一颗放荡不羁的心。最近正在为期末不挂科疯狂努力着。李林豇李林豇大家好，我是李林豇，最喜欢明星是cxk，最喜欢的二刺螈人物是孙狗（？），最喜欢的歌曲是《爱河》，最喜欢的运动是爪巴！(外宣部：很抱歉地通知您，您的表情文字插件尚未安装                                        QAQ)刘逸多刘逸多大家好，我是来自山西的刘逸多。平时最喜欢的东西是音乐，每天沉迷switch是常态。第一次被推送，因此在此感谢一下中央电视台。（外宣部：中央电视台回复：客气！）校友办的大家辛苦了！接下来一起继续努力吧！！！排版：罗碚   文字：校友办
",中国人民大学信息学院青年志愿者协会
圣诞特辑|看看各地的圣诞~,2019-12-25,http://mp.weixin.qq.com/s?__biz=MzAxMTAzNjc0MA==&amp;mid=2654040708&amp;idx=2&amp;sn=62d22eba506a80a0d91f0a360669520c&amp;chksm=8082e3afb7f56ab92e7a11f34ccb535f1b573724e62084ae60c7889598638b7ae47d965c11bb&amp;scene=27#wechat_redirect,"
点击蓝字关注我们2019圣诞快乐~Merry Christmas又到了一年一度的圣诞节啦！大家今天玩的怎么样呢！停不下来的买买买？和另一半一起压马路？还是在寝室为期末奋笔疾书？来和我们一起看看世界各地的圣诞吧！Merry Christmas● 英国 ●●●● Merry Christmas ●●●在英国，圣诞拉炮是一种庆祝圣诞节不可或缺的形式，圣诞童话闹剧也流行于年轻家庭中。自1947年开始，每年挪威都会赠送一棵云杉树给英国人民，以表对英国于二战支援挪威的感谢。这棵树立于伦敦的特拉法加广场（鸽子广场，Trafalgar Square）是全英国最知名的圣诞树，象征着英国和挪威人民之间的友谊。2012年，人们给这棵树建立推特帐号Trafalgar Square Tree（@trafalgartree），以第一人称叙述着自己奔赴英国的历程Merry Christmas● 美国 ●●●● Merry Christmas ●●●纽约洛克菲勒中心会摆放圣诞树，滑冰场会有盛大溜冰活动、华盛顿给白宫点缀圣诞装饰的活动，都是美国圣诞节中亮丽的风景线。北美空防司令部每年还会向全球发布圣诞老人路线图，因为在1955年，某个美国零售业巨头在报纸刊登广告，给出圣诞老人电话号码。但由于排版错误，误把北美防空司令部电话刊出。有小孩拨打了这个电话号码，为了不让孩子失望，当时的值班军官哈里·舒普上校答应通过雷达搜索圣诞老人的行踪。之后这一活动便被延续了下来。● 中国 ●●●● Merry Christmas ●●●看了外国的，也来看看咱们自己的圣诞节在中国并不是法定假日，不过庆祝圣诞节的活动仍然存在，有不少民间自发活动圣诞节前夜的平安夜给朋友送苹果是中国特有的圣诞习俗，因为苹果的“苹”和平安的“平”同音，寓意平安吉祥。Merry ChristmasRUC扫码关注我们信息青协编辑：汪元森
",中国人民大学信息学院青年志愿者协会
青协の年终展示——外宣部,2019-12-24,http://mp.weixin.qq.com/s?__biz=MzAxMTAzNjc0MA==&amp;mid=2654040695&amp;idx=1&amp;sn=66156bb127c762991ef8471b3e90af1b&amp;chksm=8082e35cb7f56a4a946b06f7898ee6a08268f8efdb39f028087293d4bd542c0714deccd4ae74&amp;scene=27#wechat_redirect,"
点击蓝字关注我们青协外宣部        外宣部，作为信息青协对外宣传的窗口，在组织中发挥重要作用。外宣部始终奋战在与同学们交流的第一线：微信公众号推送的第一手志愿资讯，分发到每个信院人手中的志愿传单，还有张贴在路口的活动海报，都是我们的工作成果。我们也积极参与到各项志愿活动中，共同助力志愿，体验奉献。        本学期，我部在常规志愿活动方面，负责了秋日香山、残联志愿、关爱流浪猫活动的现场拍摄、新闻稿撰写、招募推送和总结推送等工作。在旧物捐赠活动中，我部负责了海报及传单的制作。此外，我部还负责各节日的主题推送。我们贡献自己微小的力量，向着美好明天砥砺前行。01善良的部长们孙朗宸：hello张汝洹：我来自经济数学实验班，平时比较皮，热衷于认识好看的小姑娘，截至目前唯一能读的下去的书都是和国学相关的，对中国传统的一切都着迷。性格上大大咧咧，可以保持每天好心情。大学生活目前除了学习不行，啥都行。思子华：一个重度拖延症的非典型理科生。喜欢尝试各种美食，平生最大的爱好是吃。会很多种运动，但是无一精通_(:з」∠)_进入外宣以后，又发现了摄影的乐趣，喜欢这种用光影记录感动的方式。希望以后能在外宣继续成长鸭～刘仲杰：改革春风吹满地新的一年要争气02勤劳可爱的干事们刘书玮：作为一名生活在困苦与迷惘中的普通大一学生，我早已参透了人生不需要努力这一点罗碚：我是罗碚，来自江苏南京，爱好数学、物理、算法方面，喜欢收集一些精巧的小物件，希望在青协和大家一起努力，度过愉快充实的时光。汪元森：我是汪元森，一个不太能吃辣的四川人。兴趣不少但无一专精，对电脑配件略知一二，更多技能正在点亮中……希望来年适应北京少生病，提升行事效率。大学生活虽然迷茫，风物长宜放眼量~用镜头记录志愿，用推送传播温暖。文字：汪元森 && 外宣部排版：罗碚长按识别二维码关注我们
",中国人民大学信息学院青年志愿者协会
寒冷冬日的吸猫之旅,2019-12-18,http://mp.weixin.qq.com/s?__biz=MzAxMTAzNjc0MA==&amp;mid=2654040684&amp;idx=1&amp;sn=e1ef218d595ae075295c0fad4216fa6a&amp;chksm=8082e347b7f56a514e37f277ac9a6139723cf7e1ebae0956181f8545805fdeddfc8421c9c9bd&amp;scene=27#wechat_redirect,"
↑点击链接关注我们↑愉快的旅程开始啦Chapter One     12月15日，志愿者们开展了本学期第二次动物园社区流浪猫照顾活动。中国人民大学信息学院青年志愿者协会组织大家前往动物园社区，帮助被人遗弃、流浪街头的猫咪们清洁猫舍，培养大家的社会责任感。Chapter Two     下午两点，同学们在人民大学东门求是石集合，集体前往动物园社区。到达猫舍之后，看管猫舍的阿姨对志愿者们表示欢迎，志愿者们也很快开始紧张的工作。Chpater Three     志愿工作紧凑而有序地进行着。有几位同学打水，调配消毒水；还有几位同学帮忙洗抹布，搬棉被；另外的同学用消毒水清洗猫舍和爬架，任何一个幽僻的角落都不放过。在紧张忙碌的劳动之后，整个流浪猫收容中心焕然一新。Chpater Four     各位同学完成自己的任务之后，管理阿姨和同学们分享了许多流浪猫的故事，同学们听得津津有味。同学们也拿起玩具和猫咪们玩耍，开始了愉快的吸猫。快乐的时间总是短暂的，充实而又愉快的下午很快就过去了。Chpater Five     下午四点半左右，大家在动物园社区合影留念，本次流浪猫照顾活动圆满结束。     活动后志愿者们纷纷表示，参加此类活动让他们切实地体会到自己在为改变社会做出贡献，感受到了志愿活动带给他们的快乐。     至此青小协本学期的所有志愿活动圆满结束~下学期的志愿活动我们不见不散啦！摄影：孙朗宸文字：罗碚推送：刘书玮
",中国人民大学信息学院青年志愿者协会
卫生检查|十二月份宿舍卫生检查结果出炉！！！,2019-12-17,http://mp.weixin.qq.com/s?__biz=MzAxMTAzNjc0MA==&amp;mid=2654040679&amp;idx=1&amp;sn=1b16f4a8db02dc8666761967d5c86b1e&amp;chksm=8082e34cb7f56a5a831d97cd980b684dfc1ee98cc08e072c0a2cb5044eb730191dfd5b4aff5a&amp;scene=27#wechat_redirect,"
点击蓝字关注我们十二月份宿舍卫生检查结果新鲜出炉    上周三（12月11日）晚九点，青协组织人员进行了信息学院宿舍卫生检查。检查的宿舍包括94个本科宿舍，42个硕士生宿舍和15个博士生宿舍。本次宿舍卫生检查的具体结果如下：优秀宿舍：红二楼 344 宿舍宜园三楼 1106 宿舍品园五楼 632 宿舍品园六楼 1048 宿舍知行五楼 902 宿舍东风六楼 331 宿舍东风七楼 113 宿舍东风七楼 411 宿舍不合格宿舍：无奖惩措施    每月评出男女卫生标兵宿舍若干个，颁发奖品及“优秀宿舍”锦旗，并在《信息月刊》开辟优秀宿舍风采展示专栏展示优秀宿舍的风采；    对于不合格的宿舍，通知不合格宿舍所在班班长提醒该宿舍，并于下周不定期复查，复查仍不合格者予以通报批评；    每月优秀宿舍和不合格宿舍名单都反馈给各班班主任/团支书；宿舍卫生总评也将进入优秀班级评比参考因素。通知：学校将于12月16-20日开展宿舍集中督查，本科生宿舍是全覆盖普查，研究生宿舍抽查，请同学们保持宿舍卫生，并且及时查看各班群里的《违章电子禁用管理办法》
",中国人民大学信息学院青年志愿者协会
【活动报名】动物园社区流浪猫照顾活动,2019-12-10,http://mp.weixin.qq.com/s?__biz=MzAxMTAzNjc0MA==&amp;mid=2654040673&amp;idx=1&amp;sn=49e0082be96f5bad0e73c9e975978deb&amp;chksm=8082e34ab7f56a5c62563dfe56e0c794d932bc53650b0b06bde924e9d16b08454da17b756528&amp;scene=27#wechat_redirect,"
点击蓝字关注我们      青小协2019年秋季学期第二次流浪猫志愿活动来啦！我们印象中的猫咪总是主子般的存在，这些流浪猫可不尽然。经历过暴力和遗弃，它们有的已经不再相信人类，有的甚至丧失生存的信念，但这里，让它们重新建立起对人类的信赖。想要近距离接触它们，想要了解他们的故事？你就是我们要找的志愿者！Meow~叮！招募简介活动时间：12月15日（周日）志愿活动时长：3小时集合时间：下午两点东门求是石活动地点：动物园志愿时数：3小时拟招募人数：10人报名方式：扫描下方二维码报名报名截止日期：12月15日（若报名人数超过10人则会提前关闭报名通道）公众号：信息青协左边是报名码长按右边二维码关注我们
",中国人民大学信息学院青年志愿者协会
【转载】小青新邀您一起组队成为冬奥会志愿者啦！,2019-12-10,http://mp.weixin.qq.com/s?__biz=MzAxMTAzNjc0MA==&amp;mid=2654040673&amp;idx=2&amp;sn=56778d9f94e00cded6d2c1c75c8b8989&amp;chksm=8082e34ab7f56a5c5df3cfa721bdf690e043661f5ddedfb57c1924ecb804e3e6d387e54e96b1&amp;scene=27#wechat_redirect,"
本文转载自中国人民大学青年志愿者协会，有删改2022年春节，古老雄伟的长城将和漫天飘扬的雪花一道，在中华大地上书写一段“冰雪奇缘”。刚刚过去的12月5日是第34个国际志愿者日，在当天北京2022年冬奥会和冬残奥会赛会志愿者全球招募启动仪式举行，标志着赛会志愿服务工作正式拉开帷幕。北京冬奥组委面向全球发布招募公告，欢迎广大志愿者共同参与这场冰雪盛会。北京正在创造历史，成为全世界第一个“双奥之城”。 面对在家门口举办的冬奥会，热情似火的RUCer们是不是也迫切地成为一名赛会志愿者，参与书写这一令人振奋的奥林匹克历史新篇章，用奉献的热忱为全世界人民送上贴心的保障、驱散冬日的寒冷呢？首先让小青新为我们解读一下报名条件：（一）符合下列基本条件的人员可报名申请赛会志愿者：1. 遵守中国的法律法规，自愿为北京冬奥会和冬残奥会提供志愿服务，接受北京冬奥组委的工作指导和管理；2. 截至2022年1月1日年满18周岁（即2004年1月1日及以前出生），具备开展志愿服务所需要的身体条件和健康素质；3. 具备志愿服务岗位所需要的基础知识和基本技能；4. 能使用汉语或英语进行交流；5. 能认真参加赛前培训，并为北京冬奥会或冬残奥会赛时运行提供满足需要的志愿服务。（二）符合下列条件之一的申请人同等情况下可被优先录用1. 能够参与“相约北京”系列冬季体育赛事志愿服务；2. 能够同时为北京冬奥会和冬残奥会提供赛时志愿服务；3. 具备一定专业知识与技能，包括但不限于：口笔译服务、医疗服务、驾驶服务、信息技术保障等；4. 其他赛时运行保障所急需紧缺的人员。（有关报名的其它官方详细信息，请点击链接查看组委会招募公告https://mp.weixin.qq.com/s?__biz=MzIzOTQ4NTk2NA==&mid=2247491618&idx=1&sn=2e1b3bf809eb68e467a8e1049ec0b217&chksm=e92bf541de5c7c575dda5f89b663587d901b0f925b0b333a1699ee59677a37c5475ba44be040&scene=21#wechat_redirect）（北京2022年冬奥会和冬残奥会志愿者标志）那么，同学们可能又有问题要问小青新了：招募公告里提到我们可以以个人申请人或团体申请人身份报名，作为国表社栋的RUCer，我们可不可以作为团体申请人报名？人大又有没有冬奥组委授权或委托的组织机构呢？这可难不倒我小青新，敲黑板，重点来啦！！！按照冬奥组委的安排，北京2022年冬奥会和冬残奥会赛会志愿者将在北京地区各高校分批次组织团体报名，中国人民大学团体报名时间是2019年12月10日（本周二）至2019年12月15日（本周日），中国人民大学全日制在读学生在此期间可以以团体报名申请人身份报名。为辅助冬奥组委会志愿者招募的有序开展及校内志愿者团体管理，团体报名申请人需要完成系统报名，并提交电子版报名表和纸质报名表。以团体形式报名的志愿者可以点击推送下方【阅读原文】，下载纸质报名表，填写纸质报名表后，前往信息楼233王晓彤老师处审批，并在王晓彤老师处获取“团体邀请码”（用来填写系统报名表），在上述时间内将纸质报名表交至学生活动中心124室，并提交电子版表格至rucwinterolympic@163.com，同时需要在全球招募网络系统报名，系统信息填写流程与个人报名申请人相同。填写系统报名表时，在系统“邀请码”一栏填写在信息学院分团委处获得的邀请码即可。志愿者的选拔、审核流程请等待后续通知。此外，以个人报名申请人身份报名的同学，不受上述时间限制，只需在官网公布的2019年12月5日至2021年6月30日24:00期间内报名即可。请有意愿的同学尽快完成报名流程呀~担心系统信息不会填，打开方式不对？别急，我小青新给你细细讲解一下系统填写流程：注册账号、登陆01完善个人信息02注意姓名（英文）处填写大写字母的姓和名的全拼，制服尺码部分，请选择个人服装尺码，同时建议填写真实身高、体重。完善联系信息03填写志愿服务经历及技能等04注意“语言技能”包括汉语，“职业状态”选择学生，“教育及学历”可选在读学历。“邀请码”填写人大统一的团体邀请码。填写参与意向05赛区包括北京赛区、延庆赛区、张家口赛区，场馆意向有国家速滑馆、北京冬奥村/冬残奥村、主新闻中心、奥林匹克大家庭酒店、北京大兴国际机场等43个选项，服务类别包括12类：对外联络服务、竞赛运行服务、媒体运行与转播服务、场馆运行服务、市场开发服务、人力资源服务、技术运行服务、文化展示服务、赛会综合服务、安保服务、交通服务、其他。确认报名信息、提交06注意事项07小青新在这里要特别提醒大家！①  如果已经在报名系统中填写了个人报名的话，只需要在登录后的页面点击【修改信息】，填写我们的团队邀请码就可以啦~②  每一位通过团体报名的志愿者都需要在12月10日至12月15日（9:00-17:00）之间填写纸质报名表和系统报名表，并将纸质报名表交至学生活动中心124室。提交电子版报名表、纸质报名表和系统报名表三者少其一均不可成功以团体志愿者身份报名！③  系统报名表中需要的“团体邀请码”，需要在分团委处审核纸质报名表时获取哦~小青新期待着与各位一同相约2022～让我们化身微笑的雪，为大地开花，让全世界记住你们的笑容与服务！让我们化身热情的雪，为大地融化，簇拥着冬梦，燃烧神州大地！文字：办公室 高家鎏图片：来源于网络编辑：宣传推广部中国人民大学青年志愿者协会点击右下角支持一下叭⸜(* ॑ ॑* )⸝
",中国人民大学信息学院青年志愿者协会
卫生检查|十一月份宿舍卫生检查结果出炉！！！,2019-11-29,http://mp.weixin.qq.com/s?__biz=MzAxMTAzNjc0MA==&amp;mid=2654040666&amp;idx=1&amp;sn=4cb815c474c338a42270126e627b2b53&amp;chksm=8082e371b7f56a67fa49f5a09836a43737991b18210ca6aff46b4b6bd88c59e29ea9f6fd1174&amp;scene=27#wechat_redirect,"
点击蓝字关注我们十一月份宿舍卫生检查结果新鲜出炉    上周五（11月22日）晚九点，青协组织人员进行了信息学院宿舍卫生检查。检查的宿舍包括94个本科宿舍，26个硕士生宿舍和15个博士生宿舍。本次宿舍卫生检查的具体结果如下：优秀宿舍：北园二楼 416 宿舍品园二楼 325 宿舍品园五楼 630 宿舍知行五楼 820 宿舍知行五楼 901 宿舍东风六楼 330 宿舍东风七楼 117 宿舍东风七楼 417 宿舍不合格宿舍：无奖惩措施    每月评出男女卫生标兵宿舍若干个，颁发奖品及“优秀宿舍”锦旗，并在《信息月刊》开辟优秀宿舍风采展示专栏展示优秀宿舍的风采；    对于不合格的宿舍，通知不合格宿舍所在班班长提醒该宿舍，并于下周不定期复查，复查仍不合格者予以通报批评；    每月优秀宿舍和不合格宿舍名单都反馈给各班班主任/团支书；宿舍卫生总评也将进入优秀班级评比参考因素。希望大家再接再厉哦！
",中国人民大学信息学院青年志愿者协会
【节日特辑】感恩节来临,2019-11-28,http://mp.weixin.qq.com/s?__biz=MzAxMTAzNjc0MA==&amp;mid=2654040659&amp;idx=1&amp;sn=0cd2ce21b90f2d33cc22c7cba00520c9&amp;chksm=8082e378b7f56a6e9fb18202404d3a22e56ac0d411f4fb1e0a24bb339ee2fbe6666ccd5c8f9b&amp;scene=27#wechat_redirect,"
点击蓝字关注我们。2019.11.28感恩节来啦！Thanksgiving Day    公历11月第4个周四是感恩节。是美国和加拿大共有的节日，由美国人民独创，原意是为了感谢上天赐予的好收成、感谢印第安人的帮助。相关习俗    在风俗习惯上，美国和加拿大感恩节庆祝活动基本一致，食俗有：吃烤火鸡、南瓜饼、红莓苔子果酱、甜山芋、玉蜀黍；活动有：玩蔓越桔竞赛、玉米游戏、南瓜赛跑；举行化装游行、戏剧表演或体育比赛等集体活动，并有相应的假期2天，在远方的人们都会回家与亲人团聚。现在还形成了豁免火鸡、黑色星期五购物等习惯。。。    美国感恩节除去这些活动外，有些家庭还会驱车到乡间去郊游，或是坐飞机出去旅行，当初移民们安家落户的地方——普利茅斯港是游客们向往的所在。在那里，可以看到按照“五月花”号仿制的船和普利茅斯石，还可以参观仿照当年的样子建成的移民村。节日意义    感恩节是一项愉快的庆祝活动，是一个家庭团聚的日子，是重叙友情的时刻。在那一天，就是单身汉也总是被邀请到别人的家里，同大家一起分享感恩的欢乐，并且感谢上帝的恩惠。这也是感恩节的意义所在。    感恩节缘起于西方，但感恩却长存于全世界每个人的心中。感恩有这样一个节日，可让我们说出心底的感谢。一起给爱人朋友亲人说一声感谢吧。长按识别二维码关注更多志愿活动～图文｜外宣部排版｜外宣部
",中国人民大学信息学院青年志愿者协会
信息青协爱心捐衣活动圆满结束啦！,2019-11-27,http://mp.weixin.qq.com/s?__biz=MzAxMTAzNjc0MA==&amp;mid=2654040654&amp;idx=1&amp;sn=f11c72b9b330e6e4040fb424dcdb0478&amp;chksm=8082e365b7f56a7383f360af89ff470a6516c2d5f766cea5b1629fbddd5ea204d1fd737ac2ec&amp;scene=27#wechat_redirect,"
点击蓝字关注我们暖心捐衣寒冬无惧    2019年11月20日至24日，冬季爱心捐衣活动顺利展开。本次捐赠活动与“同心互惠”组织合作开展。在本次活动中，志愿者共接收到同学们捐赠的冬衣、帽子两百余件。这次感动有你有我    11月20日晚，青协的志愿者们组织了宣传活动，向品园、知行、东风楼群的同学们介绍了爱心捐衣的活动目的、活动内容和相关注意事项，并且动员信息学院的同学们积极参与。在志愿者的号召下，同学们积极响应，有些同学当时就整理好了闲置的旧衣物并交给志愿者。沉甸甸的箱子信息人的爱心    11月23、24日，青协的志愿者们在各楼群设立的捐赠地点，接受并汇总了同学们送来的爱心衣物。同学们则以寝室为单位，用纸箱、大型收纳袋打包好了寝室里要捐赠的所有衣物，方便志愿者们汇总。在同学们和志愿者的配合下，收集活动得以高效完成。传递爱心相约明年    信息学院各年级同学都踊跃参与本次活动，最终收到爱心衣物共计八个箱子，并在11月24日下午完成与“同心互惠”组织的对接。    旧物捐赠活动，不仅能优化资源配置，避免闲散衣物的丢弃和浪费，更有利于彼此之间传递温暖，奉献爱心。暖心捐衣，寒冬无惧~关注信息青协获得更多志愿信息编辑：外宣部
",中国人民大学信息学院青年志愿者协会
秋日香山，你我同行（第一期）,2019-11-27,http://mp.weixin.qq.com/s?__biz=MzAxMTAzNjc0MA==&amp;mid=2654040654&amp;idx=2&amp;sn=1f30cd350ea50137df26bc64601e1722&amp;chksm=8082e365b7f56a737e0c9aabb249b8104734a3007b4c8bd6fb8934849bb0530c6638eacc8bcb&amp;scene=27#wechat_redirect,"
点击上方“信息青协”关注我们~你我同行秋日香山    花解语，鸟自明，这里有漫山遍野的飘飘红叶，这里有形如香炉的奇巧巨石。正是在这充满诗情画意的香山里，住着一群红叶般灿烂可爱的老人们。他们在红叶的陪伴下，人近黄昏却充满活力、白发苍苍却神采奕奕。    下午一点，志愿者们在西门集合，从学校出发。下午两点，志愿者们抵达活动地点，教学活动很快开始。老人们早已就坐，开始向志愿者们提问关于手机使用中的问题，同学们则耐心解答。教学中，同学们热情的帮老人们的手机进行清理、优化、安装app，并对老人们的疑问一一解答。    休息时间，老人与志愿者们拉起了家常，开始和志愿者们聊起了生活上的趣事和经验，空气中充满了快活的气氛。        下午五点，志愿活动圆满结束。离别之时，同学们在门口合影留念，期待着下一次香山志愿活动。RUC扫码关注我们摄影：刘书玮新闻：罗碚推送：汪元森
",中国人民大学信息学院青年志愿者协会
【重要通知】十一月份卫生检查即将来袭,2019-11-20,http://mp.weixin.qq.com/s?__biz=MzAxMTAzNjc0MA==&amp;mid=2654040644&amp;idx=1&amp;sn=9db190bc0efc834c78322b8c2c409928&amp;chksm=8082e36fb7f56a790dd326f1d01c3f20c46b18ae28b7ef9979c449708de49e86ffb646a9878e&amp;scene=27#wechat_redirect,"
     本周五（11月22日）晚9：00至10：00将进行宿舍卫生检查，应学院要求，本次检查将从严扣分，发现烟头与违规电器将直接记为不合格宿舍，不合格宿舍将进行第二次宿舍卫生检查。本次宿舍卫生检查优秀宿舍和不合格宿舍将在本公众号公布。    宿舍督查从安全有序度、房间洁净度、物品规整度、整体舒适度、文明和谐度这几个方面对学生宿舍进行整体考评。请大家及时打扫卫生，排除宿舍存在的安全隐患。    保持宿舍日常卫生是非常重要的事！青小协祝大家在宿舍督查中顺利得到优秀~宿舍评分督查五标准安全有序度优：无任何不安全用电行为；无违章电器；无人时不使用电器；线路规整放置、安全有序；无人在公寓内吸烟；及时锁门。良：无不安全用电行为；无违章电器；无人时不使用电器；线路放置基本安全有序；无人在公寓内吸烟；及时锁门。中：无重大不安全用电行为；无违章电器；无人时不使用电器；线路放置不影响宿舍安全；无人在公寓内抽烟；及时锁门。差：有吸烟、使用违章电器、乱拉乱接电线、线路混乱等不安全用电行为；无人时有使用电器、不锁门等现象。房间洁净度优：地面、墙面清洁,桌椅、门窗、床铺等家具和设施干净, 台面无灰尘；无乱丢乱扔垃圾现象,无杂物和垃圾积存。良：地面、墙面清洁,桌椅、门窗、床铺等家具和设施比较干净；无乱丢乱扔垃圾现象, 无杂物和垃圾大量积存。中：地面、墙面、桌椅、门窗、 床铺等清洁度一般；杂物和垃圾有积存但有整理和打扫。差：地面、墙面、桌椅、门窗、 床铺等较为脏乱,没有定期打扫；有大量杂物和垃圾积存。物品规整度优：个人用品和公共物品摆放规整有序；桌面、床铺、窗台、柜架上的物品全部归类收拾整齐；不在楼道等公共区域随意摆放物品。良：个人用品和公共物品摆放基本规整有序；桌面、床铺、窗台、 柜架上的物品收拾比较整齐；不在楼道等公共区域随意摆放物品。中：个人用品和公共物品摆放能够分类；桌面、床铺、窗台、柜架上的物品有整理；不在楼道等公共区域摆放物品。差：个人用品和公共物品随意摆放；桌面、床铺、窗台、柜架等没有整理,物品摆放杂乱无章；有在楼道等公共区域摆放物品的行为。整体舒适度优：宿舍环境舒适；布置和装饰美观、大方、温馨,有一定特色和文化内涵；空气清新；无抽烟现象；无乱贴乱画现象。良：宿舍环境比较舒适；空间布置和装饰比较美观；空气清新；无抽烟现象；无乱贴乱画现象。中：宿舍环境一般；空间布置和装饰尚合理；房间能够通风；无抽烟现象；无乱贴乱画现象。差：宿舍环境较差；空间布置和装饰情况较差；有异味；有吸烟现象；有乱贴乱画现象。文明和谐度优：模范遵守学生公寓管理制度,无违纪行为；宿舍同学关系良好；宿舍长认真负责；认真执行宿舍文明公约或值班表；支持并热心参与公寓建设。良：遵守学生公寓管理制度,无违纪行为；宿舍同学关系良好；宿舍长能发挥作用；执行值日制度；能够配合有关部门开展公寓建设。中：遵守学生公寓管理制度,无违纪行为；宿舍同学无明显矛盾；无妨碍有关部门开展公寓建设的行为。差：不能严格遵守学生公寓管理制度,有违纪行为；宿舍关系不佳；对于相关部门开展公寓建设态度消极。      期待大家在卫生检查中取得好结果~中国人民大学信息学院青年志愿者协会倾情呈现青协||外宣部长按二维码关注我们
",中国人民大学信息学院青年志愿者协会
活动预告｜暖心捐衣 寒冬无惧,2019-11-19,http://mp.weixin.qq.com/s?__biz=MzAxMTAzNjc0MA==&amp;mid=2654040642&amp;idx=1&amp;sn=54ad1d221858aff678d1a51126dc2d0e&amp;chksm=8082e369b7f56a7fee121ed90a0b1ecb868891eb76ede3340dadfa84eabc1a0e064a0836ce2b&amp;scene=27#wechat_redirect,"
是新朋友吗？记得先点蓝字关注我哦～双十一又出血了一波！看着衣柜里的某些衣服，收起来吧，穿的机会没那么多了，太占地方；扔掉吧，明明都完好无损的，太可惜了。诶，别急！不如考虑将这些闲置的衣物和其他生活用品捐给有需要的人，就能把我们的不需要，变成别人的需要。有道理！听说信息青协最近会举办一次爱心捐衣活动，我就可以把这些闲置物品交给他们。帮助他人，方便自我；赠人玫瑰，手有余香。本周，信息青协将与“同心互惠”组织合作，给有需要的困难工友或打工子弟提供有尊严的帮助，送去温暖和祝福。至于具体的安排如何，让我们接着往下看吧——信息青协爱心捐衣活动来啦！活动安排       为方便同学们集中捐赠，青小协将会在各个年级中安排收衣负责人，请同学们将衣物于下列时间内交到负责人宿舍。各个年级的负责人宿舍和他们对应的收衣时间分别为： 大一男生          宿舍：知二 310          可交衣时间：本周五15:00～17:00大一女生         宿舍：品六 1048         可交衣时间：本周五21:00～22:00大二男生         宿舍：东七 418         可交衣时间：本周五21:00～22:00大二女生         宿舍：东六 331         可交衣时间：本周五21:00～22:00大三男生         宿舍：品二 337         可交衣时间：本周五21:00～22:00大三女生         宿舍：品六 1048         可交衣时间：本周五21:00～22:00大四男生          宿舍：知二 310          可交衣时间：本周五15:00～17:00大四女生         周三和周五会有工作人员到对应楼层收衣        （知五8，9楼）   注：请有捐衣意愿的同学们务必注意自己所在年级的负责人宿舍及对应的交衣时间哦！可以捐赠的物品种类可接收闲置衣物(一年四季均可)，背包、床上用品、积压的书籍、多余的玩具、乐器、体育用品、电器电子产品等。不接收贴身穿的内衣，要求衣物干净且能够正常使用。   注:为方便清点整理物品，除衣物外其他捐赠物品需由捐赠者自行打包整理。往期活动剪影2018年11月冬日因温情而暖暖融心2019年6月爱心让阳光更灿烂……在爱心捐衣的这么多年中，无数感动发生并被记载这一次的感动，让你我共同书写信息青协长按识别二维码关注更多志愿活动图文｜外宣部排版｜外宣部～～～点“在看”，让更多人参与爱心
",中国人民大学信息学院青年志愿者协会
【志愿招募】秋日香山，你我同行,2019-11-17,http://mp.weixin.qq.com/s?__biz=MzAxMTAzNjc0MA==&amp;mid=2654040637&amp;idx=1&amp;sn=bd16ae495ab538c2649c06b206ed6f00&amp;chksm=8082e316b7f56a00167bedc3bca011d5177a381927ca9f4f2d48b8c325a6e57735ae5ab31402&amp;scene=27#wechat_redirect,"
点击“蓝字”关注我们想必你听说过香山的红叶或许你打算秋日赏枫但是你可曾听说过香山敬老院以及这里可爱的老人他们是慈爱的长辈他们是认真的“小学生”他们活到老，学到老他们在香山等待各位小老师的到来本学期第一期香山智能设备教学活动等你加入这个秋末冬初的时节让我们相约香山听老人讲故事给老人讲知识为生活添一点色彩用善意温暖彼此扫描右侧二维码 填写报名问卷~ 活动信息时间：11月24日（周日）下午地点：香山敬老院拟招募人数：15人志愿时长：四小时集合地点：11月24日（周日）中午十二点西门大树下集合报名方式：扫描上方二维码问卷报名报名截止日期：11月23日（周六）中午十二点（若报名人数超过15人会提前关闭报名通道）tips：1、教授内容因老人需要而定，一般都是手机基本功能的使用方法2、老人年纪比较大，要求志愿者有充足的耐心关注信息青协获取更多志愿信息编辑：外宣部
",中国人民大学信息学院青年志愿者协会
双十一特推|请回收利用快递盒哦,2019-11-10,http://mp.weixin.qq.com/s?__biz=MzAxMTAzNjc0MA==&amp;mid=2654040628&amp;idx=1&amp;sn=d80ed7b3522e40900fc403a94b39084b&amp;chksm=8082e31fb7f56a098550032db380c804be760db117e64965f5208e24057c33f1e664d14c5753&amp;scene=27#wechat_redirect,"
躲得过初一，却躲不过双十一！！！    各位小伙伴们！一年一度的剁手节又来了，是不是有很多RUCer的购物车已经被清空了呢？    肯定有很多小伙伴跟青小协我一样，心里想着“就算我从这里跳下去也不会买”，然后一边说着真香（手动滑稽）    但是，大家在理（feng）智（kuang）消（duo）费（shou）的同时，千万不能忘记有一件事情！那就是——再！利！用！快！递！盒！    那么小伙伴们可能就要问了：快递盒不扔掉难道留着当夜宵嘛？（黑人问号脸）    那当然不是啦，快递盒其实可以拿来干很多事情，比如青小协自己就在床底下放着一个用快递盒做的书箱子（专业书又多又厚要哭了），还看到某精致的猪猪室友用自己灵巧的双手把我不要的快递盒加工成了小储物盒！  是不是看起来和网上买的差不多呀？所以说，只要加工回收得当的话，快递盒的用处还是很多的。    看到上面的对比大家是不是觉得很吃惊呢？小小的快递盒竟可以变身成辣么实用的物品。    所以青小协在这里呼吁大家：请回收再利用快递盒，让它发挥二次作用哦。如果真的要狠心抛弃它们的话要整整齐齐的拆开叠好放在水房的垃圾桶旁边哦，这样既可以使环境看上去比较整洁，也可以减少宿管阿姨处理快递盒的麻烦。小小的举动，却能带来大大的不同！中国人们大学信息学院青年志愿者协会编辑｜外宣部  思子华扫码关注我们
",中国人民大学信息学院青年志愿者协会
残联志愿情，奉献我先行（第一期）,2019-11-03,http://mp.weixin.qq.com/s?__biz=MzAxMTAzNjc0MA==&amp;mid=2654040622&amp;idx=1&amp;sn=95daef8f2267dd40ebba7f324073081d&amp;chksm=8082e305b7f56a1330678c7fe343b6c38ec22bef4e54d80d3fe4e3489658155e3d165e368f4d&amp;scene=27#wechat_redirect,"
点击上方“信息青协”关注我们~      2019年10月30日，中国人民大学信息学院青年志愿者协会的志愿者们于中午出发，前往海淀区残联的社区街道，进行本学期第一次计算机教学活动。本项活动目的在于帮助老人们使用计算机、手机的基本搜索、娱乐功能，使老人们可以受益于科技的发展。    下午2:30，志愿者们一行人到达残联服务中心准备就绪。老人们早已就坐，开始向志愿者们提问关于计算机和手机使用中的问题。同学们则耐心解答。休息时间，老人与志愿者们拉起了家常，言语间电脑室充满轻松的笑声。    在教授过程中同学们热情的帮老人们的手机进行清理、优化，并且帮助老人们安装新闻、娱乐等实用性app。同学们在教授如何使用手机上网的同时也不忘提醒老人们网络安全的重要性。    教学进程结束后，老人们开始和志愿者们聊起了生活上的趣事。下午5点，志愿者们在计算机室合影留念，至此本学期第一次残联志愿活动圆满结束。RUC扫码关注我们摄影：刘书玮新闻：罗碚推送：汪元森
",中国人民大学信息学院青年志愿者协会
卫生检查|十月份宿舍卫生检查结果出炉！！！,2019-10-30,http://mp.weixin.qq.com/s?__biz=MzAxMTAzNjc0MA==&amp;mid=2654040617&amp;idx=1&amp;sn=832e09d13405c3158d255a4253a877e7&amp;chksm=8082e302b7f56a1453d453a6f09bce5da1d4d562091cef59fc07d8c96f656e52f7a60252e341&amp;scene=27#wechat_redirect,"
点击蓝字关注我们十月份宿舍卫生检查结果新鲜出炉    上周三（10月23日）晚九点，青协组织人员进行了信息学院宿舍卫生检查。检查的宿舍包括94个本科宿舍，24个硕士生宿舍和15个博士生宿舍。本次宿舍卫生检查的具体结果如下：优秀宿舍：红一楼 207 宿舍红一楼 210 宿舍红二楼 203 宿舍品园二楼 326 宿舍品园五楼 627 宿舍知行五楼 821 宿舍知行五楼 902 宿舍东风六楼 331 宿舍不合格宿舍：无奖惩措施    每月评出男女卫生标兵宿舍各两个，颁发奖品及“优秀宿舍”锦旗，并在《信息月刊》开辟优秀宿舍风采展示专栏展示优秀宿舍的风采；    对于不合格的宿舍，通知不合格宿舍所在班班长提醒该宿舍，并于下周不定期复查，复查仍不合格者予以通报批评；    每月优秀宿舍和不合格宿舍名单都反馈给各班班主任/团支书；宿舍卫生总评也将进入优秀班级评比参考因素。希望大家再接再厉哦！
",中国人民大学信息学院青年志愿者协会
【转载】活动预告 | 生命之光：献出爱心，托起生命，接力正进行！,2019-10-27,http://mp.weixin.qq.com/s?__biz=MzAxMTAzNjc0MA==&amp;mid=2654040608&amp;idx=1&amp;sn=ec68457defbfd8816b3af997e87a8840&amp;chksm=8082e30bb7f56a1d1ff9020d3f6127c05dc5cb3919dbe2c6564f879bd038b55ab90e0d6c55d7&amp;scene=27#wechat_redirect,"
本文转载自中国人民大学青年志愿者协会（有删改） 2019年的献血接力赛就要开始了！这是一个需要勇气的赛场传递一根鲜血铸成的纽带你准备好了吗？“生命之光”无偿献血 暨 “生命之翼”造血干细胞血样采集活动一个自2000年就开始举办、拥有近20年传统的校园大型活动一个邀请北京市红十字血液中心与中华骨髓库专业医护人员赴校内采集、便利安全的活动一个由校青协红十字项目部联合全校各个学院联合举办、每年数百人积极报名的活动更是一个你伸出手臂，奉献爱心，为急需血液的病人送去生命希望的活动......“嗨，陌生人”虽然我不知道你的名字但我要感谢你或许我们素不相识或许我们相隔甚远但是我们拥有相同的血型拥有共同的对生命的渴望所以我们执著地坚信坚信献出的每一滴血都能汇进生命的河流无偿献血，将爱传递活动简介“生命之光”无偿献血活动:活动采取自愿的方式,选择捐献200ml或者其他数量的全血，满足献血条件的同学可以通过推送下方通知进行报名。“生命之翼”造血干细胞血样采集活动:本着自愿的原则,在献血活动的基础上留下6-8ml血样作为样本存入中华骨髓库。若后续配型合适,会再次和捐献者进行沟通,同意后才会进行下一步造血干细胞的捐献。 在2018“生命之光”无偿献血活动暨“生命之翼”造血干细胞血样采集活动中，来自23个院系540名同学报名，最终在化验体检等条件筛查下，56人成功进行了造干采样入库，356名同学完成全血捐献，总献血量达70950ml。或许你不了解无偿献血，还对它充满诸多疑惑或许你了解无偿献血，却还未敢迈出脚步没关系！如果不了解，我们可以为你解答疑惑如果害怕，约上好友一起互相打气只要你愿意献出自己的一份爱心你的这一根接力棒我们随时等候！ 还不够有吸引力吗？那么来看看这个——志愿者的陪伴，种类丰富的奖品，足够的食品补给……你将拥有一次完美的献血体验成功献血/造干血样采集的志愿者，可以拿到10小时志愿时数！献血成功的同学将拥有光荣的献血证！献血要求基本要求年龄：18-55周岁体重：（全血）男性≥50kg，女性≥45kg健康要求3天内：未接受口腔护理（如洗牙）5天内：未服用阿司匹林等抗凝药物1周内：未患感冒，无创伤及皮肤炎症，未患急性肠胃炎2周内：未接受拔牙等小型手术4周内：未接触传染病患者（如水痘、麻疹、肺结核等），无慢性腹泻3个月内：未接受阑尾切除术、扁桃体手术6个月内：未参加其他献血活动1年内：未进行纹身、穿耳，未因被动物抓/咬伤而注射狂犬病疫苗，未接受外科手术及输血治疗，未患甲肝高度近视（一般指≥600度）者不建议献血女生生理期及前后三天不能献血处于过敏急性发作期或长期频繁过敏（如经常性荨麻疹、药物过敏）不能献血曾患支气管哮喘、慢性支气管炎等严重疾病者不能献血免疫接种24小时内：未接种甲肝、乙肝、流感疫苗2周内：未注射麻疹疫苗4周内：未注射水痘疫苗、狂犬病疫苗（非动物抓/咬伤后紧急注射）献血前准备1.献血前保证充足的睡眠2.献血前两餐不要吃肥肉、含猪油食物及油炸食品3.献血前注意休息，献血前三天不要饮酒、熬夜、服药4.献血时带上有效证件（身份证、学生卡） 更多注意事项我们将在之后的推送里做详细说明，敬请关注！ 主办方：中国人民大学青年志愿者协会红十字项目部合作学院：哲学院、文学院、国学院、艺术学院、外国语学院、新闻学院、农业与农村发展学院、社会与人口学院、公共管理学院、信息资源管理学院、经济学院、财政金融学院、统计学院、法学院、马克思主义学院、国际关系学院、环境学院、信息学院、理学院、培训学院（排名不分先后）报名方式报名方式1：信息学院的同学可以扫码填写以下问卷，非信息学院的同学可以在自己的学院报名报名方式2：关注“中国人民大学青年志愿者协会”公众号，或点击阅读原文，在原推送内报名活动信息活动时间：2019年11月10日上午（周日）报名截止时间：2019年11月3日晚12:00（周日）地点：中国人民大学 学生活动中心 东厅报名方式：扫描二维码（报名问卷二维码↓）有任何问题欢迎在评论区或公众号后台留言咨询哦！文字：红十字项目部图片：红十字项目部编辑：宣传推广部 周若溪中国人民大学青年志愿者协会
",中国人民大学信息学院青年志愿者协会
【志愿招募】残联计算机网络教学第一期,2019-10-26,http://mp.weixin.qq.com/s?__biz=MzAxMTAzNjc0MA==&amp;mid=2654040603&amp;idx=1&amp;sn=eb51771b56abaac28a44b8dd792b8571&amp;chksm=8082e330b7f56a26507cc64a725ef98a769f8856412b9ea2da4b2f7c4e9f61c375ae1d1d8d7e&amp;scene=27#wechat_redirect,"
1.一觉醒来，春已到春天的样子，大概是褪去背了一个冬季的厚重外套，穿上亮色的卫衣搭配牛仔裤和帆布鞋，站在熟悉的街口，抬头望天，春风拂面，不由自主地哼起小调，大步向前，无所畏惧。——冬小凉点击蓝字关注我们残联计算机网络教学    网络和计算机已经是当代大学生不可分割的日常，在我们平时看手机，用电脑的同时，能否想象仍有许多人虽然拥有电子设备，但由于不会操作，无法享受信息时代的便利。    参加残联计算机网络教学项目，为信息技术的普及尽一份力。本学期残联志愿第一期，期待你的参与！注意啦！！！招募信息时间：10月30日（星期三）下午2:00地点：芙蓉里南街6号院百环公寓一层 海淀街道温馨家园志愿时长：2小时拟招募人数：5人报名方式：扫二维码报名报名截止日期：10月29日（星期二）中午12:00（如果报名人数超过5人可能会提前关闭报名通道）Tips:本次活动不必自带电脑如果报名成功后无法参加请务必找人替代扫码报名哦先到先得~~关注信息青协获得更多志愿信息编辑：外宣部
",中国人民大学信息学院青年志愿者协会
【节日推送】今天你过节了么？,2019-10-24,http://mp.weixin.qq.com/s?__biz=MzAxMTAzNjc0MA==&amp;mid=2654040598&amp;idx=1&amp;sn=3a53c1fcd8293e205abf7080efc14137&amp;chksm=8082e33db7f56a2b2c6ad5e4be222fa8b7b08d75cee9efba400b864d94af4313cf1898db374c&amp;scene=27#wechat_redirect,"
点击蓝字关注我们程序员节- Programmers' Dayl -一零二四在信息技术行业，由于2^10=1024，所以1GB = 1024MB，1MB = 1024KB，1KB = 1024B。于是1024是程序员们最为敏感的数字。origin创立原由    创立""程序员节""最早是来自俄文《计算机世界》(《Компьютерра》)出版社的主编德米特里·门德列留科(Дмитрий Мендрелюк)在1996年7月15日的想法,当时计划将节日命名为""计算机用户节"",定在每年9月份的第一个星期五,称之为""纯净的星期五""(Чистая Пятница,按照当事人之一的说法,这样命名是为了刺激那些计算机病毒制造者).    程序员，从来就是科技互联网界一个神奇的存在。    他们是世间少有的美男（女）子，上帝给了他们一双弹钢琴的手，他们却用它来敲代码。    因为在红绿蓝24位深（RGB）颜色空间里，每种原色可以有256种级别（从0到255一共256个数值）的深浅变化，当三种原色都达到最大深浅值，即为十六进制的0xFFFFFF时，表示白色。所以全世界的程序员们会穿着白色来庆祝这一天。    那么，今天你穿白衣服了吗？最后，祝大家节日快乐～你不能因为生活的压力就忘记过节呀扫码关注我们 Happy Debugging  
",中国人民大学信息学院青年志愿者协会
秋风起，秋游行,2019-10-21,http://mp.weixin.qq.com/s?__biz=MzAxMTAzNjc0MA==&amp;mid=2654040593&amp;idx=1&amp;sn=f7926efb69f17f37da132a17de8429d7&amp;chksm=8082e33ab7f56a2c328ebec5e61028f15b04ef6dc8638065496d2c562fef7c20fceeef4cce1a&amp;scene=27#wechat_redirect,"
点击蓝字关注我们记信息青协2019秋游    2019年10月19日，信息学院青年志愿者协会秋游活动在北京动物园成功举办。本次活动旨在使新成员体会到青协轻松愉快的团队氛围，增进成员之间的相互了解。信息青协会长团，各部门部长及干事参加了此次活动。    上午九时，全体人员在动物园入口集结完毕。第一项活动是游戏一元五角。每位成员分别持有一元或五角的身份，在主持人的要求下迅速与其他成员组成指定金额。在这里大家无暇犹豫，组队失败就要接受唱歌的惩罚。    第二项活动是游戏道听途说。鹤立鸡群，盲人摸象，指鹿为马，看似简单的成语在大家的传递中面目全非；饿虎扑食，眼保健操，传递后的成语激起阵阵笑声。在经过三轮比赛决出胜者以后，败者组接受了相互公主抱的惩罚。    我看你比较轻，咱俩试试？    第三项活动为定向越野。所有成员分为四组，在主持人的要求下，依次抵达熊猫馆，水禽湖，牡丹亭，狮虎山和百草园。成员或查地图，或看路标，合作完成任务，并在各地点合影留念。    上午十一时三十分，全体成员回到动物园入口合影留念，返校后进行简单聚餐，至此秋游活动圆满结束。经历了本次秋游活动，成员间成功破冰，留下了一次珍贵的回忆，也对青协大家庭多了一分归属感。相信本次秋游活动之后，同学们能以更饱满的精神状态投入到之后的工作与学习中。扫码关注我们摄影：刘书玮新闻：孙朗宸排版：罗碚
",中国人民大学信息学院青年志愿者协会
今天你吸猫了么？,2019-10-15,http://mp.weixin.qq.com/s?__biz=MzAxMTAzNjc0MA==&amp;mid=2654040587&amp;idx=1&amp;sn=75c4efac04ae1870f1410ce7221511c4&amp;chksm=8082e320b7f56a36e68c67d0c3b48389f9f85d1e85783d2b917a8a3117bf1487ca8c7e46077f&amp;scene=27#wechat_redirect,"
点击蓝字关注我们第一期动物园志愿活动成功举办    2019年10月13日下午，中国人民大学信息学院青年志愿者协会的志愿者们前往北京动物园社区，开展本学期第一次流浪猫照顾活动。本次活动旨在增强同学们的流浪动物保护与人文关怀意识，培养同学们的社会责任感。PART 1    当日下午3:30左右，信息青协的9名志愿者到达了动物园社区的流浪猫收养地，与来自另一所高校的志愿者学生一起，开始了本次志愿活动。猫舍管理员对大家的到来表示欢迎。在简短交流后，同学们对猫舍的情况有了初步的了解，并在管理员的引导下开始了志愿活动。PART 2    本次活动的主要内容是清扫猫舍地面、擦洗猫窝与爬架，并对猫舍进行简单的环境消毒。同学们分工仔细，完成工作有条不紊：负责擦拭工作的同学戴着塑胶手套，手握抹布往返于水盆与猫窝、爬架之间，一点点的将猫猫生活环境里的污垢擦除；负责地面清理工作的同学同样积极、仔细地清扫着地面的每一处角落。猫猫们也配合的将地盘让出，等待志愿者们的清理。在同学们的努力下，猫舍很快就打扫完毕了。PART 3     清理完猫舍后，管理员向同学们分享了一些流浪猫的生命历程，让同学们了解到流浪猫的生活现状。同学们也借此机会和猫猫们一起玩耍，和猫猫们度过了一个愉快的下午。PART 4    下午5:20左右，大家在动物园社区合影留念。至此，本学期第一次流浪猫照顾活动圆满结束。新闻：汪元森推送：刘书玮摄影：罗碚
",中国人民大学信息学院青年志愿者协会
1999级信息系校友入学20周年返校活动成功举办,2019-10-14,http://mp.weixin.qq.com/s?__biz=MzAxMTAzNjc0MA==&amp;mid=2654040583&amp;idx=1&amp;sn=fb63f8cf79078137b1010d1602bc6fd8&amp;chksm=8082e32cb7f56a3ac30b61d3bdaad735f0d2d59eb6b09241935683daa9f0ac78cdbeb88a5744&amp;scene=27#wechat_redirect,"
 1999级信息系校友入学20周年返校活动成功举办    2019年10月13日，信息学院1999级信息系校友入学20周年返校活动成功举办。各界校友纷纷返校。追忆大学时光2019/10/9原班主任任赪参加本次活动，与校友们追忆大学时光，展望未来。上午十时五十分，99级信息系校友返校班会在公教二楼2207举行，时任班长孙锐首先发言，感谢校友们返校参加班会。点名～    班主任任赪对全班同学进行了点名，并通过幻灯片与校友一起追忆二十年前的点点滴滴。     此后，班主任任赪为校友们颁发了一系列奖项，对校友们20年在各界的努力给予了肯定，并对大家未来的成就表示了期待。十年树木，百年树人    班会最后，班主任任赪总结，以“信息，信用，信任”三个主题词为中心，提出了未来社会发展要素重组的特点，期待校友们紧抓时代特点再创佳绩。     座谈会结束后，与会校友与班主任任赪在理工配楼前合影留念。    此次活动让数十年难得一见的校友齐聚一堂，校友们重温旧日时光，见证个人成长。同时在相互交流中，校友们探寻新时代潮流，建立跨界合作，定下新的十年目标。
",中国人民大学信息学院青年志愿者协会
【活动报名】动物园社区流浪猫照顾活动,2019-10-08,http://mp.weixin.qq.com/s?__biz=MzAxMTAzNjc0MA==&amp;mid=2654040579&amp;idx=1&amp;sn=32dd215abccf8d4244de76af5e700c1c&amp;chksm=8082e328b7f56a3e601509f17b3cc707db725299dcd97dee2038c52a9614256fc3297d509c97&amp;scene=27#wechat_redirect,"
点击上方蓝字关注我们    青小协2019年秋季学期第一次志愿活动来啦！我们印象中的猫咪总是主子般的存在，这些流浪猫可不尽然。经历过暴力和遗弃，它们有的已经不再相信人类，有的甚至丧失生存的信念。但这里，可以让它们重新建立起对人类的信赖。想要近距离接触它们，想要了解他们的故事？你就是我们要找的志愿者！Meow~叮！招募简介活动时间：10月13日（周日）下午志愿活动时长：1小时集合时间：下午2点人大东门求是石集合活动地点：北京动物园志愿时数：3小时拟招募人数：8人报名截止日期：10月12日中午12:00（如果报名人数超过10人可能会提前关闭报名通道）    扫描下方二维码报名公众号：信息青协左边是报名码长按右边二维码关注我们编辑：外宣部
",中国人民大学信息学院青年志愿者协会
国庆70周年之际，95级校友返校成功举办,2019-10-03,http://mp.weixin.qq.com/s?__biz=MzAxMTAzNjc0MA==&amp;mid=2654040575&amp;idx=1&amp;sn=40e1c8c7d16cbdfdfa9fd1ca96574fd3&amp;chksm=8082e0d4b7f569c22bb831f1d5ccc10aae2adc90294e33eff4d33528cf48d103e318bbfa815c&amp;scene=27#wechat_redirect,"
国庆70周年之际，95级校友返校活动成功举办2019年10月3日，国庆70周年之际，我院95级校友返校活动成功举办。各界校友纷纷返校，前院长王珊，前副院长杨小平，前党委书记严守权、林颐亦参加本次活动，与校友们追忆大学时光，向校友们介绍学院变迁，同校友们展望未来。01上午十时三十分，95级校友座谈会在信息楼四楼报告厅举行，学院领导欢迎校友们回家。02文继荣院长发表讲话。文院长首先祝贺祖国70周年庆祝活动顺利举行，然后带校友们回顾了学校与学院的历史，同时向校友们介绍了学院在20余年内的巨大变化：从信息学院到分化为信息学院、数学学院与高瓴人工智能学院三院，最后还向校友们简单介绍了专业当前的就业前景。03此后，从95级班长廖伟煜开始，各位校友接力发言。校友们介绍了各自二十余年的就业过程，分享其间的酸甜苦辣，并表示愿意为信息学子将来的创业与就业提供指导帮助。04座谈会结束后，与会校友与学院领导在信息楼前合影留念。此次活动让数十年难得一见的校友齐聚一堂，重温旧日时光，见证学院发展。同时正值国庆70周年，中国人民大学作为人民共和国建设者的摇篮对祖国的发展功不可没，而信息学院作为中国人民大学“精干理工科”的领头者，在信息技术领域也培养了许多专业人才和综合管理性人才。值此国庆70周年之东风，信息学院实事求是，开拓创新之火也将代代相传。排版||新媒体 小飞飞新闻||院青协外宣 孙朗宸扫码关注我们获取更多志愿信息
",中国人民大学信息学院青年志愿者协会
人大人向祖国报到，70有我！,2019-10-02,http://mp.weixin.qq.com/s?__biz=MzAxMTAzNjc0MA==&amp;mid=2654040571&amp;idx=1&amp;sn=e73c6e311fe7c5eff15235bcb7096b4d&amp;chksm=8082e0d0b7f569c6da73c1c322fb093b03dea1e87d2c87336fe7805772d4a3dbdbb396207e98&amp;scene=27#wechat_redirect,,中国人民大学信息学院青年志愿者协会
志愿回忆|我在国际会场做志愿,2019-09-21,http://mp.weixin.qq.com/s?__biz=MzAxMTAzNjc0MA==&amp;mid=2654040565&amp;idx=1&amp;sn=ab32ea02a411e374e223185d34a94944&amp;chksm=8082e0deb7f569c83cfea9b34ce85f5be7a377f9b1793f3fc734d7037668fe1ccd55bece132c&amp;scene=27#wechat_redirect,"
点击蓝字关注我们2019年8月9日-8月11日，RobotChallenge 2019国际机器人挑战赛在北京科技大学举行。       RobotChallenge是世界最大型的人工智能机器人大赛之一，创立于2004年，至今有65个国家、每年全球上万人参与。RobotChallenge由相扑、循线、空中竞速、人形短跑、冰球采集、创意赛、保龄球赛等比赛项目组成，共19大项，37小项。     由RobotChallenge 国际组委会、国际机器人竞赛与教育基金会、奥地利科技部和奥地利计算机创新实验室主办。本次大赛的选手自全球五大洲32个国家，接近2200支队伍参赛。     本次志愿活动中，信息学院的志愿者承担了引导选手参赛时的进场与离场，协助裁判等一些工作。     志愿者们周到的服务以及热情的态度，获得了参赛选手和主办方的一致好评，并获评优秀志愿者团队的奖项。     志愿者们不仅在本次活动中奉献了自己，还收获了与参赛选手的友情。    青小协将会在之后的志愿生涯中，推出更多类似的志愿活动，欢迎广大志愿者积极参与！扫码关注我们信息青协编辑：外宣部
",中国人民大学信息学院青年志愿者协会
信息青协招新大会顺利举办,2019-09-19,http://mp.weixin.qq.com/s?__biz=MzAxMTAzNjc0MA==&amp;mid=2654040562&amp;idx=1&amp;sn=7b560f746c5ce5873de697bd2a76f762&amp;chksm=8082e0d9b7f569cfad2e6652fd6732d000845bd72adea19d7c6909b3bef0b9b926676497392b&amp;scene=27#wechat_redirect,"
点击蓝字关注我们招新大会顺利举办招新现场    2019年9月16日晚上7时许，信息学院青年志愿者协会联合信息学院学生会在明德法学楼0301教室一同召开招新大会。本次大会成功召开，吸引到一大批19级新生。台下座无虚席。出席此次会议的有信息青协会长薛钦亮、分管会长李逸文、分管会长杨晨宇，以及各部门部长和副部长。会议伊始    办公室的张浩琛同学和范瑞雪同学作为主持人开场。会长薛钦亮发言，简明扼要地介绍了信息青协及相关的志愿活动。之后各个部门依次开始招新宣讲。外宣部    第一个出场的是外宣部。部长孙朗宸等人通过视频详细介绍了信息青协的工作，同时介绍了外宣部的日常工作，并且回顾了过去一年举办的诸如香山敬老、残联爱心等志愿活动。办公室    办公室详细介绍了部门职能，包括春秋游、志愿服务等众多活动的筹划，以及每月一次的宿舍卫生检查评比。部长们表示十分期待学院新鲜血液的加入，希望能为青协的建设与发展出一份力。校友办    部长胡馨仪等人通过ppt详细介绍了部门基本职能，同时介绍了校友办的日常工作，并且回顾了过去一年举办的诸如院庆、院友返校讲座等活动。此外他们也对即将加入青协的同学表达了期待。项目部    项目部通过ppt介绍了项目策划等部门工作。部长孙浩铭与新生们分享了过去一年来的收获和感悟，对新部员的加入表示热烈的欢迎。★圆满结束★    各部门展示结束，工作人员收取报名表，此次信息青协招新宣讲会圆满结束，新一轮纳新工作也进展顺利。在新一学年里，青协大家庭的新同学老同学将不忘初心，奋力前行，更加积极参与志愿活动，努力将信息青协越办越出色！信息学院青年志愿者协会扫码关注我们信息青协了解更多志愿信息
",中国人民大学信息学院青年志愿者协会
青春正沸  协尔同归,2019-09-07,http://mp.weixin.qq.com/s?__biz=MzAxMTAzNjc0MA==&amp;mid=2654040537&amp;idx=1&amp;sn=18471603d6e31ef1a7db43c5101eb417&amp;chksm=8082e0f2b7f569e40b39466b9067e6f65ef6093e6708f5824a3dc45d139f408d234635b5e2c5&amp;scene=27#wechat_redirect,"
青协招新季来临WE WANT YOU!!!       脱离夏日的蝉声不再聒噪，开学季的信息学院却日甚喧嚣。19级新鲜血液涌入，信息青协也敞开了大门。作为信息学院的学生组织之一，青小协又有什么样的故事想和大家诉说呢？什么是信息青协？       中国人民大学信息学院青年志愿者协会由志愿从事公益活动的大学生青年志愿者组成，是直属信息学院分团委的学生组织。小萌新请问青协和学生会的关系是什么呀？青年志愿者协会与学生会一样，都是院分团委下属学生组织，在保研加成与其他待遇方面，都拥同样地位。青小协小萌新咦？那加入青协有什么好处呀？志愿活动是大学生活的必修课，无论是入党还是保研，都有此类要求。而青协拥有第一手的志愿资源，加入青协，妈妈再也不用担心我的志愿时数。青小协小萌新哇~原来是这样呀！除此之外，你还能在这里收获很多温暖呢~这里就像一个欢脱可爱的大家庭，有志同道合的小伙伴，有善解人意的 师兄师姐，大家彼此帮助，共同成长~青小协小萌新哇！！原来青小协这么厉害呢~无论是学习上的困难还是生活上的疑问，师兄师姐都会在这里等你~带你走出大学第一步！还在等什么呢，快来加入我们吧！青小协小萌新好！！快带我了解一下青协的部门吧~青小协现在分为项目部，外宣部，办公室，校友办四个部门~青小协项目部孙浩铭 肖文璇 吴丝弦 齐畅       项目部是在青协中扮演控局者的角色，主要负责信息青协校内外各种活动的策划和组织，组织院内的志愿者参加志愿活动，协调各个部门的工作，其中包括写策划书、启动新的志愿项目、活动带队、志愿者培训及活动总结等任务。       这里有轻松愉快的氛围，这里有丰富多彩的志愿活动，这里有暖心的师兄师姐……你可以在这里向师兄师姐请教各种问题，可以享受我们提供的选课指南，可以在这里找到志同道合的朋友。如果你想要体验精彩纷呈的志愿活动，如果你想做游戏主持人，如果你想锻炼自己的统筹规划能力、人际交往能力，如果你想要体验carry全场，全程跟进项目流程的成就感，那就快来加入信息青协项目部吧！只要你对志愿有一颗热情、真诚的心，不管你是大神还是小白我们都热烈欢迎！外宣部张汝洹 孙朗宸 刘仲杰 思子华       外宣部，即对外联合宣传部，肩负着青协对外联系以及对外宣传的全部工作，是青协大家庭中必不可少的成员。外宣主要负责主动联系各项校外宣传工作以及平时校内举办活动的海报制作、视频剪辑、拍照、新闻稿撰写等工作。       外宣部长期奋斗在青协各项活动的第一线，及时地利用公众号向同学们传播志愿精神。在香山、在残联、在动物收容所，我们始终陪伴在志愿者身边，用手中的相机记录下点点滴滴，用推送传递每一份感动，努力用奉献与责任记录青协每一次成长，书写新的篇章。青春不息，奋斗不止，以梦为马，不负韶华。我们将会与每一个心怀满腔热血、渴望奉献自己力量的人一起，努力做好自己的工作，把爱与美好留给大家。       用镜头记录志愿，用推送传播温暖。信息青协外宣部期待你的加入！办公室张浩琛 范瑞雪 王丹宇 付欣 （左至右 上至下）       办公室负责整个信息青协的会议承办、组织协调、财务管理、资料保存，并且具体负责组织每学期青协的出游活动。办公室，一个团结温馨的部门，一个热爱公益的部门，一个充满创造力与活力的部门，一个人人都可以绽放光彩的部门。在这里，你不仅会收获工作上的能力，还能收获珍贵的友情与难忘的回忆。       大学生活丰富而美好，加入办公室一定会点亮你的大学时光。青协办公室，欢迎你的到来。校友办段华欣 胡馨仪 吴翔宇 华思远 （左至右 上至下）       顾名思义，校友办是一个以校友活动为中心的部门，主要工作是接待校友，服务师生，实现学校，校友，社会之间的良性互动，在信息青协的各项活动中都起着不可或缺的作用。       在校友办大家庭中，有丰富多彩轻松愉快的志愿活动，有师兄师姐热心提供的全面选课指南，也有面对疑惑时相互之间的排忧解难。更具特色的是，你有机会与行业大牛们近距离沟通交流，在志愿活动中收获那份独属于你的快乐。        如果这些你都想要，青协校友办欢迎你的到来！ 招新宣讲大会(咨询群)时间地点：请关注后续通知方式：现场招新信息青协期待你的加入WE ARE WAITING FOR YOU!!!编辑 | 外宣部扫码关注我们更多志愿活动等你来参加~
",中国人民大学信息学院青年志愿者协会
【节日特辑】无言父爱 伴我成长,2019-06-16,http://mp.weixin.qq.com/s?__biz=MzAxMTAzNjc0MA==&amp;mid=2654040532&amp;idx=1&amp;sn=ca5e4ab122c82395266805abf7750ae3&amp;chksm=8082e0ffb7f569e92aca0de37fe8ee06bb12bab3252a3219643d5256e371391f62f48a3d6761&amp;scene=27#wechat_redirect,"
考试“周来临际”然至“父亲节悄”MY白布局，A白布局，IS MY HEROHAPPY FATHER'S DAY       马克吐温说:” 当我7岁时，我感到我父亲是天底下最聪明的人；当我14岁时，我感到我父亲是天底下最不通情达理的人；当我21岁时，我忽然发现我父亲还是很聪明的。”       有一种责任叫男人，有一种承担叫父亲，有一种无言是父爱。人生沧桑刻满皱纹，生活重担压弯脊梁，无声牵挂花了双眼，时间带走曾经青春，笑容永远停留嘴边，父亲是家庭的支柱，有他在才变得安逸。小时候，爸爸是我的超级英雄。他是身披大红斗篷的超人，在我遇到困难时咻一声降临；他是能感知周围一切的蜘蛛侠，为我们排除潜在的危险；他是博学多才的钢铁侠，轻轻松松解决一切问题。长大后，我们发现爸爸也只是普通的爸爸。他们对我们的爱是唯一的超能力，虽然他们不能上天入地，但他们用身上的每一分力量保护我们。今天是父亲节，给无言付出的爸爸，一个祝福、一张照片、一瞬回忆。让他知道：我们一直理解、一直深爱。长按识别下方二维码关注更多志愿活动~
",中国人民大学信息学院青年志愿者协会
中国人民大学信息学院青年志愿者协会换届大会圆满召开,2019-06-08,http://mp.weixin.qq.com/s?__biz=MzAxMTAzNjc0MA==&amp;mid=2654040526&amp;idx=1&amp;sn=31a9e0239e0281587869598f2cb180b3&amp;chksm=8082e0e5b7f569f3fa74d88797c61986173960dece9730810b7904270a956e99f4d8f9e78019&amp;scene=27#wechat_redirect,"
    2019年6月5日星期五，中国人民大学信息学院青年志愿者协会换届大会在公教1304圆满召开。杜忠朝老师，王晓彤老师，信息青协前任会长陈颖姗，现任会长薛钦亮，前任各部部长以及各位干事们参加了本次的换届大会。此次换届大会通过不记名投票方式选举产生了新一届的青协各部门部长。1    本次大会由信息青协办公室干事张浩琛和范瑞雪主持。杜忠朝老师寄语，肯定了青协一年以来的志愿成果，希望大家接下来能用严谨认真的态度完成青协的工作，同时能够学习、工作两头抓。   2    各位部员进行年度总结和竞选发言。在总结一年工作时，干事们都表达了对志愿活动的难忘。他们提到能够帮助到老人们和残疾人觉得很充实和满足。参选的同学提出了一些可开拓的项目和自己及对于青协未来发展的建议。3    王晓彤老师进行发言，回忆了自己在学生时代的青协工作，勉励大家一定要担负起时代责任，能够秉承为他人付出的信念，为社会带来温暖。4    现任会长薛钦亮总结了这一年青协的工作，分享了他的工作经验，策划组织的细节处理，他在分享中强调了部门交流的重要性，并表达了对新一届部长们的期望。    前任会长陈颖姗在讲话中提到要明确青协存在的意义，不忘初心，期待新一届的部长可以丰富青协的活动，把青协越做越好。☆附新一届会长、各部部长名单：会长：薛钦亮 项目部分管会长：杨晨宇     校友办分管会长：李逸文外宣部分管会长：陶俊屹项目部：孙浩铭（部长）、李欣晔、吴丝弦、肖文璇、齐畅外宣部：孙朗宸（部长）、思子华、刘仲杰、张汝洹办公室：张浩琛（部长）、付欣、范瑞雪、王丹宇校友办：胡馨仪（部长）、华思远、段华欣、吴翔宇♪摄影 | 外宣部 孙朗宸新闻 | 外宣部 张汝洹编辑 | 外宣部 刘仲杰
",中国人民大学信息学院青年志愿者协会
信息青协旧物捐赠活动圆满结束啦！,2019-06-04,http://mp.weixin.qq.com/s?__biz=MzAxMTAzNjc0MA==&amp;mid=2654040522&amp;idx=1&amp;sn=8c5f26f9b3895f3eabc62b707b437125&amp;chksm=8082e0e1b7f569f7658327836c3844d5c23f6c7764b24a9b2aef649f734684f3c50e7e8aeeb4&amp;scene=27#wechat_redirect,"
点击蓝字关注我们信息青协旧物捐赠活动圆满结束啦！    2019年5月28日至6月2日，春季爱心衣物捐赠活动顺利开展。本次爱心衣物捐赠是与北京工友之家创办的“同心互惠”组织合作开展，旨在给有需要的困难工友或打工子弟提供有尊严的帮助，送去祝福和温暖的活动。在本次捐赠中，志愿者接收了同学们捐赠的书籍、玩具、体育用品、电子产品等实用物品共计8箱2袋。    5月28日，青协志愿者们组织了宣传活动。志愿者向品园、知行和东风楼群的同学们介绍了爱心衣物捐赠的活动内容及相关注意事项，并动员信息学院的同学积极参与。    5月30日与6月2日，青协志愿者们在各楼群对同学们送来的爱心衣物、书籍等物品进行了接收。    信息学院各年级同学均踊跃参加本次活动，最终接收爱心衣物等共计8箱2袋，并于6月5日完成与“同心互惠”组织的交接。    赠人玫瑰，手有余香。本次捐赠活动，不仅仅是一次旧物的收集与送出，更是一份奉献精神的体现。信息学子们用每个人的实际行动，传递了爱心和正能量。信息青协，我们在行动长按二维码关注摄影：谢明昊新闻：孙郎宸
",中国人民大学信息学院青年志愿者协会
流浪猫也有一个温暖的家~,2019-05-31,http://mp.weixin.qq.com/s?__biz=MzAxMTAzNjc0MA==&amp;mid=2654040518&amp;idx=1&amp;sn=0feabe3ab43168b35bbb510faf687c0b&amp;chksm=8082e0edb7f569fb6a34448598d4da9901af43cd6fa8b6084c38b82a394d8eea979f4d9b484f&amp;scene=27#wechat_redirect,"
点击蓝字关注我们，及时获取志愿信息    5月26日下午，第四期动物园社区照顾流浪猫志愿活动顺利开展。本次志愿活动目的在于培养同学们对流浪动物的保护意识。    下午3:00左右，信息青协的志愿者们来到了动物园社区流浪猫收养基地。猫舍的负责阿姨对我们的到来表示欢迎。经过短暂的任务分配，志愿工作很快开始。    大家都全力地投入在志愿活动中。一部分同学打扫床铺下面，另一部分同学则负责清扫娱乐设备。大家分工明确，男生负责搬运，女生负责清理。在遇到不太“配合”的小猫咪时同学们则会小心翼翼的将它们抱开。经过大约一个小时的劳动以后，猫舍变得更加干净和整洁，阿姨和志愿者们也露出了满意的笑容。    在打扫完猫舍之后，同学们很快被可爱的喵星人所吸引。志愿者们温柔地抚摸着猫咪、和猫咪一起玩耍，完全忘记了刚才工作的劳累和辛苦；猫咪也和我们互动着，乖巧的躺在志愿者的怀中。阿姨则在一旁给我们讲解着它们的名字和习性，大家都十分开心。    转眼间，志愿活动就已经接近尾声了。大家同喵星人不舍地告别，在猫舍外合影留念。本次动物园社区流浪猫照顾活动圆满结束。排版：李浩铭文案：韦权峰摄影：孙朗宸长按二维码关注我们
",中国人民大学信息学院青年志愿者协会
爱满香山，携手同行（第三期）,2019-05-29,http://mp.weixin.qq.com/s?__biz=MzAxMTAzNjc0MA==&amp;mid=2654040514&amp;idx=1&amp;sn=3a18671d865b30d22d35c83b383ad679&amp;chksm=8082e0e9b7f569ff23c9ff2378d08ab2275ba98aee5c2f4ca76637233c43841fd6e5cb2845de&amp;scene=27#wechat_redirect,"
点击上方“信息青协” 可以订阅哦！2019年5月25日，一个春光明媚的午后，中国人民大学信息学院青年志愿者协会开展了本学期最后一次香山智能设备教学活动。中午12:30，志愿者们准时在校门口集合完毕并出发前往香山老年公寓。本次活动的主要内容是教授老人手机、平板电脑等智能设备的基本使用，以此便利老人的生活，并通过这种方式提升同学们的社会服务意识。下午2点，志愿者们抵达活动地点。夏日午后的骄阳丝毫没有阻挡同学们与老人们的热情，教学活动很快便开始。老人们很快找到自己的“小老师”，急切的询问着自己的问题。志愿者们热情教学经过一个学期的教学，老人们都已经熟悉了智能手机的基本使用方法。因此在此次教学中，同学们针对老人们的兴趣来教授他们一些app的使用方法，来丰富老人们的生活。比如一位老爷爷十分喜欢听评书，因此志愿者推荐了喜马拉雅等广播app。听到手机里传来的阵阵评书声，老爷爷十分开心。教授过程中，志愿者先是自己演示一遍，边演示边讲解，然后手把手地教老人自己动手实践一遍，以此来达到巩固所学的目的。在此种教学模式下，老人们很快熟悉了一些常用网站和娱乐app的使用方法。志愿者们与老人们交流的十分愉快。下午四时许，志愿活动圆满结束。老人们对志愿者的热心与细心教学表达了感谢，也期望着下学期志愿者们的到来。在门口，同学们合影留念。至此，本学期香山智能设备教学活动圆满落下帷幕。摄影｜杜欣阳新闻｜蒲照排版｜罗毓瑾信息青协公众号，热衷志愿～长按二维码关注我们
",中国人民大学信息学院青年志愿者协会
【活动报名】动物园社区流浪猫照顾活动,2019-05-28,http://mp.weixin.qq.com/s?__biz=MzAxMTAzNjc0MA==&amp;mid=2654040507&amp;idx=1&amp;sn=d88c1f1f8c411e01942c7fdae65dc652&amp;chksm=8082e090b7f569866f361dda6082f739573ec5c119bce90a2bee4f5a70f6012987752fcd67f3&amp;scene=27#wechat_redirect,"
点击蓝字关注我们    猫咪是一种非常可爱的生物，常被猛男淑女奉为主子。然而，每年都有大量的猫咪被主人抛弃，无依无靠，以天为被，以地为床。被收留后，他们结束了悲惨的生活，茁壮健康成长，当然，这一切都离不开大家的悉心照料。现在，照顾的接力棒传到了我们手上，大家是否愿意成为志愿活动的一份子，为猫咪的健康生活贡献一份爱心呢？（工作结束后可以尽情撸猫哦ヾ(=･▽･=)✧）猫咪の家，欢迎光临招募小贴士活动时间：6月2日（周日）下午志愿活动时长：1h集合时间：下午2点10人大东门求是石集合活动地点：北京动物园志愿时数：3h拟招募人数：6-7人报名截止日期：5月30日（周四）晚9:00（如果报名人数超过10人可能会提前关闭报名通道）报名方式：扫描下方二维码报名往期回顾    通知：这是本学期最后一次动物园志愿活动~没有参加过的小伙伴们要抓紧这次机会啦！信息青协，这是一个有温度的公众号                                                                                          编辑：外宣部
",中国人民大学信息学院青年志愿者协会
活动预告|爱心衣物捐赠来啦！,2019-05-25,http://mp.weixin.qq.com/s?__biz=MzAxMTAzNjc0MA==&amp;mid=2654040499&amp;idx=1&amp;sn=e0e3c8f75592b1557a28d78b9f8ebd5f&amp;chksm=8082e098b7f5698e515e7abb26045db07ccf552bdf48c5ad87ca12f7a77e8878bd3d07bf6214&amp;scene=27#wechat_redirect,"
    不少同学衣服更新周期短，一段时间后闲置衣物数量增加，这些衣物的使用机会少，占用空间大，积累一定时间后很可能直接被遗弃。将这些闲置的衣物和其他生活用品捐给有需要的人，就能把我们的不需要，变成别人的需要。     本活动为愿意伸出援助之手的人们提供一个让爱心流淌的渠道。在这个毕业季，我们将与北京工友之家创办的“同心互惠”组织合作，给有需要的困难工友或打工子弟提供有尊严的帮助，送去温暖和祝福。活动详情1活动时间    为方便同学们集中捐赠，青小协将会在校园中设置五个衣物捐赠点，分别为：品园楼群2个，位于品六、品一楼下知行楼群2个，位于知四、知五楼下东风楼群1个，位于东六门口    青小协会于5月30日（周四）和6月2日（周日）晚九点至十点于以上地点等待小伙伴们捐出不需要的衣物哟，并会于6月5日（周三）完成与“同心互惠”组织的衣物交接。2可以捐赠的物品种类1.可接收闲置衣物（一年四季均可），背包、床上用品、积压的书籍、多余的玩具、乐器、体育用品、电器电子产品等。2.不接收贴身穿的内衣，要求衣物干净且能够正常使用。注：为方便清点整理物品，除衣物外其他捐赠物品需由捐赠者自行打包整理。往年活动照片    为不需要的衣物找一个归宿，为有需要的人献出一份温暖。捐衣活动期待小伙伴们的到来呀~了解更多志愿信息长按识别二维码关注
",中国人民大学信息学院青年志愿者协会
笔尖寄相思，尺素传真情,2019-05-20,http://mp.weixin.qq.com/s?__biz=MzAxMTAzNjc0MA==&amp;mid=2654040493&amp;idx=1&amp;sn=7a5cddac2a7767ca109d61114e459b3d&amp;chksm=8082e086b7f569905538b443da1ca31a6770f02188757a1e6c6ae13c04f65b30049587c56ecb&amp;scene=27#wechat_redirect,"
点击“蓝字”关注我们笔尖寄相思尺素传真情通知活动圆满结束别将对父母的感谢锁在心里别让对ta的情感被时间雪藏轻轻挥动笔尖，任心声流露埋藏一次等待，待尺素传情LOVE    在为期一周的书信寄情活动中，同学们以笔写情，以信传情，表达了自己对朋友、家人、TA的思念之情。经过青协小伙伴们的努力，同学们的信件已经被收齐，并已于5月16日寄出第一批信件，于5月20日寄出第二批信件。    截至今日全部信件已被寄出，感谢同学们的积极参与~今尺素飞传，心声已至愿今后余生，深情不减给每一个等待答复用浪漫而古老的方式编辑/外宣部中国人民大学信息学院青年志愿者协会长按识别二维码关注
",中国人民大学信息学院青年志愿者协会
【活动报名】动物园社区流浪猫照顾活动,2019-05-19,http://mp.weixin.qq.com/s?__biz=MzAxMTAzNjc0MA==&amp;mid=2654040489&amp;idx=1&amp;sn=cf2487d13c700cc00485839b5fbabf0a&amp;chksm=8082e082b7f569940b8a200c8cf3114a3f8bb7d01f8ca1ad7cb3602c8cc4265f03c09e875fad&amp;scene=27#wechat_redirect,"
点击蓝字关注我们    猫咪是一种非常可爱的生物，常被猛男淑女奉为主子。然而，每年都有大量的猫咪被主人抛弃，无依无靠，以天为被，以地为床。被收留后，他们结束了悲惨的生活，茁壮健康成长，当然，这一切都离不开大家的悉心照料。现在，照顾的接力棒传到了我们手上，大家是否愿意成为志愿活动的一份子，为猫咪的健康生活贡献一份爱心呢？（工作结束后可以尽情撸猫哦ヾ(=･▽･=)✧）猫咪の家，欢迎光临招募小贴士活动时间：5月26日（周日）下午志愿活动时长：1h集合时间：下午2点20人大东门求是石集合活动地点：北京动物园志愿时数：3h拟招募人数：6-7人报名截止日期：5月23日（周四）中午（如果报名人数超过10人可能会提前关闭报名通道）报名方式：扫描下方二维码报名往期回顾信息青协，这是一个有温度的公众号                                                                                          编辑：外宣部
",中国人民大学信息学院青年志愿者协会
活动通知|&quot;书信寄情&quot;活动延长两天！,2019-05-17,http://mp.weixin.qq.com/s?__biz=MzAxMTAzNjc0MA==&amp;mid=2654040481&amp;idx=1&amp;sn=75b71fd1d8e6e276d26274fc5b71f527&amp;chksm=8082e08ab7f5699cad0088d7e6a22b14df07db58540b2a48566a16caa42b1d94ebeace92d977&amp;scene=27#wechat_redirect,"
点击“蓝字”关注我们笔尖寄相思尺素传真情特殊提醒本活动延长2天！！别将对父母的感谢锁在心里别让对ta的情感被时间雪藏轻轻挥动笔尖任心声流露埋藏一次等待待尺素传情走过路过千万不要错过快来参加我们的书信言情活动吧！青小协再次说明活动详情（敲黑板！）    青小协已将信封与信纸送至事先指定的邮箱里，并已于5月16日寄出第一批信件，并将于5月19日（周日）进行第二批已填写信件的收取和寄出~        指定邮箱：        大一：女（东六333）男（东七414）        大二：女（品六704）男（品二337）        大三：女（知五820）男（知二913）        大四：女（知四616）男（品一415）    没有拿到信封和信纸的小伙伴可以选择以上信箱拿取哦！青小协会在5月19日（周日）晚上对信息学院大一至大四宿舍再次进行刷楼收取，其余小伙伴可以将信放在上述指定信箱里由青协的同学进行统一收取！    还有两天时间~没有参与的同学们踊跃参与呀！机会难得，不要错过！参与的同学可以获得特别定制的精美书签哦给每一个等待答复用浪漫而古老的方式编辑/外宣部 孙朗宸中国人民大学信息学院青年志愿者协会长按识别二维码关注
",中国人民大学信息学院青年志愿者协会
猫猫太可爱了我该怎么办？,2019-05-16,http://mp.weixin.qq.com/s?__biz=MzAxMTAzNjc0MA==&amp;mid=2654040477&amp;idx=1&amp;sn=97ffb750b8a4fbf0e4498a0a14ffee90&amp;chksm=8082e0b6b7f569a0740a9762309aff20c3175d80a879e333cf43aecfc76921466f6c7c098bd5&amp;scene=27#wechat_redirect,"
第三期动物园志愿活动成功进行    第三期动物园社区照顾流浪猫活动于5月12日顺利开展。本次活动不仅增强了同学们对流浪动物的保护意识，也达到了增加人文关怀意识的目的。    下午3时许，信息青协的爱心志愿者准时到达动物园社区流浪猫收养基地。猫舍管理员对同学们的到来表示热烈的欢迎，并且简要介绍了本次活动的主要任务。在进行短暂的任务介绍后，同学们很快开始了志愿活动。    本次的主要任务是清扫猫舍地面，并且对猫舍内部进行消毒处理。同学们在清扫地面时精诚合作，男生们负责将娱乐设备挪开，女生们则负责清扫设备下面的地面。比较难以清扫的是猫舍里面。众多的流浪猫许多都在猫舍中休息或者玩耍，这对猫舍的消毒造成了一定的麻烦。面对此种问题，一部分同学负责将流浪猫抱开，和流浪猫在一旁玩耍，而其他人则趁机将猫舍进行消毒。在同学们的通力配合下，猫舍很快被清扫干净。    既然来到了流浪猫服务中心，自然要好好“照顾”一下猫舍中这群可爱的生物啦。在打扫完后，同学们便和流浪猫一起玩耍了起来。阿姨也主动地教给同学们如何正确的投喂它们。大家和喵星人一起度过了一个愉快的下午。    下午5时许，志愿活动到达了尾声。大家在猫舍中与喵星人们合影留念。至此第三期流浪猫志愿活动圆满结束。关注信息青协，了解更多志愿咨询长按识别二维码关注
",中国人民大学信息学院青年志愿者协会
活动通知|“书信言情”活动距结束还有一天！,2019-05-15,http://mp.weixin.qq.com/s?__biz=MzAxMTAzNjc0MA==&amp;mid=2654040473&amp;idx=1&amp;sn=1d67473f8f79df0e18a09b3e37505a0c&amp;chksm=8082e0b2b7f569a45627bf8febfd1b2efe0dd02f8e625d42bb54f40cf25a701a19ca807d9f5a&amp;scene=27#wechat_redirect,"
点击“蓝字”关注我们笔尖寄相思尺素传真情友情提醒据活动结束还有1天！别将对父母的感谢锁在心里别让对ta的情感被时间雪藏轻轻挥动笔尖任心声流露埋藏一次等待待尺素传情走过路过千万不要错过快来参加我们的书信言情活动吧！青小协再次说明活动详情（敲黑板！！！）      青小协已将信封与信纸送至事先指定的邮箱里，并将于5月16日寄出已填写的信件~（注：全国包邮哦！！）        指定邮箱：        大一：女（东六333）男（东七414）        大二：女（品六704）男（品二337）        大三：女（知五820）男（知二913）        大四：女（知四616）男（品一415）       没有拿到信封和信纸的小伙伴可以选择以上信箱拿取哦！青小协会在5月16日晚21:30对信息学院大一至大四宿舍进行刷楼收取，其余小伙伴可以将信放在上述指定信箱里由青协的同学进行统一收取！        机会难得，不要错过！参与的同学可以获得特别定制的精美书签哦给每一个等待答复用浪漫而古老的方式编辑/外宣部 孙朗宸中国人民大学信息学院青年志愿者协会长按识别二维码关注
",中国人民大学信息学院青年志愿者协会
活动通知|笔尖寄相思，尺素传真情,2019-05-14,http://mp.weixin.qq.com/s?__biz=MzAxMTAzNjc0MA==&amp;mid=2654040465&amp;idx=1&amp;sn=86bc4b4fda45f5f1d130081342a18ea3&amp;chksm=8082e0bab7f569ac3f252a54bee4e7cbd2ff38174bee8140bfc703aa3185331b1f3c1c4ab8d1&amp;scene=27#wechat_redirect,"
点击“蓝字”关注我们      青小协新活动——今日登场笔尖寄相思尺素传真情LOVE思念·书信    人生因为有了思念，而丰富了光阴，多彩了生活，因为有了回忆，而懂得了珍惜，于是那么喜欢捻花为墨，把从前的故事一一晾晒于纸上，虽有“书到用时方恨少”，还是认真记录，让回忆行驶千万里。给父母一次感动，让游子的感谢随时间发酵给ta一次感动，让青涩的情感因光阴醇香轻轻挥动笔尖任心声流露埋藏一次等待待尺素传情心动不如行动，快来参加我们的书信言情活动吧活动详细信息    青小协已于5月13日将信封与信纸送至事先指定的邮箱里，并于5月16日寄出已填写的信件！~    指定邮箱：            大一：男（东七414） 女（东六333）            大二：男（品二337） 女（品六704）            大三：男（知二913） 女（知五820）            大四：男（品一415） 女（知四616）    没有拿到信封和信纸的小伙伴可以选择以上信箱拿取哦！青小协会在5月16日对信息学院大一至大四宿舍进行刷楼收取，其余小伙伴可以将信放在上述指定信箱里由青协的同学进行统一收取！    大家开始构思吧！参与的同学可以获得特别定制的精美书签哦~给每一个等待答复用浪漫而古老的方式编辑/外宣部 思子华中国人民大学信息学院青年志愿者协会长按识别二维码关注
",中国人民大学信息学院青年志愿者协会
卫生检查|五月份宿舍卫生检查结果出炉！！！,2019-05-09,http://mp.weixin.qq.com/s?__biz=MzAxMTAzNjc0MA==&amp;mid=2654040460&amp;idx=1&amp;sn=238835a100aef7e56044c5a15eebb890&amp;chksm=8082e0a7b7f569b1f6eb8f05f64934fcd6bd698958b78e1d7719a1789f098f58fbcacc3fda18&amp;scene=27#wechat_redirect,"
点击蓝字关注我们五月份宿舍卫生检查结果新鲜出炉    本周三（5月8日）晚九点，青协组织人员进行了信息学院宿舍卫生检查。检查的宿舍包括116个本科宿舍和28个硕士生宿舍。本次宿舍卫生检查的具体结果如下：优秀宿舍：红二楼：247知行四楼：706知行五楼：822东风七楼：412北园五楼：428品园六楼：642不合格宿舍：无奖惩措施    每月评出男女卫生标兵宿舍各两个，颁发奖品及“优秀宿舍”锦旗，并在《信息月刊》开辟优秀宿舍风采展示专栏展示优秀宿舍的风采；    对于不合格的宿舍，通知不合格宿舍所在班班长提醒该宿舍，并于下周不定期复查，复查仍不合格者予以通报批评；    每月优秀宿舍和不合格宿舍名单都反馈给各班班主任/团支书；宿舍卫生总评也将进入优秀班级评比参考因素。希望大家继续保持哦
",中国人民大学信息学院青年志愿者协会
【活动报名】动物园社区流浪猫照顾活动,2019-05-07,http://mp.weixin.qq.com/s?__biz=MzAxMTAzNjc0MA==&amp;mid=2654040456&amp;idx=1&amp;sn=8eff5f0a44dab61e232172ae4e944c3c&amp;chksm=8082e0a3b7f569b5802f4efbdd8ef6413ce6e5538c017bd6a2f1162ba4da407fe5efef7934e7&amp;scene=27#wechat_redirect,"
点击蓝字关注我们    猫咪是一种非常可爱的生物，常被猛男淑女奉为主子。然而，每年都有大量的猫咪被主人抛弃，无依无靠，以天为被，以地为床。被收留后，他们结束了悲惨的生活，茁壮健康成长，当然，这一切都离不开大家的悉心照料。现在，照顾的接力棒传到了我们手上，大家是否愿意成为志愿活动的一份子，为猫咪的健康生活贡献一份爱心呢？（工作结束后可以尽情撸猫哦ヾ(=･▽･=)✧）猫咪の家，欢迎光临招募小贴士活动时间：5月12日（周日）下午志愿活动时长：1h集合时间：下午2点40人大东门求是石集合活动地点：北京动物园志愿时数：3h拟招募人数：6-7人报名截止日期：5月9日中午（如果报名人数过多可能会提前关闭报名通道）报名方式：扫描下方二维码报名往期回顾信息青协，这是一个有温度的公众号编辑：李浩铭
",中国人民大学信息学院青年志愿者协会
【重要通知】五月份卫生检查即将来袭,2019-05-07,http://mp.weixin.qq.com/s?__biz=MzAxMTAzNjc0MA==&amp;mid=2654040456&amp;idx=2&amp;sn=32e70e89f71fa8292bf9897820b06bcb&amp;chksm=8082e0a3b7f569b53d326b660a43669973aea3071bcaceaeb5eaa3c3a3bc1668da8e43073d46&amp;scene=27#wechat_redirect,"
    本周三（5月8日）晚9：00至10：00将进行宿舍卫生检查，应学院要求，本次检查将从严扣分，发现烟头与违规电器将直接记为不合格宿舍，不合格宿舍将进行第二次宿舍卫生检查。本次宿舍卫生检查优秀宿舍和不合格宿舍将在本公众号公布。    宿舍督查从安全有序度、房间洁净度、物品规整度、整体舒适度、文明和谐度这几个方面对学生宿舍进行整体考评。请大家及时打扫卫生，排除宿舍存在的安全隐患。    保持宿舍日常卫生是非常重要的事！青小协祝大家在宿舍督查中顺利得到优秀~宿舍评分督查五标准安全有序度优：无任何不安全用电行为；无违章电器；无人时不使用电器；线路规整放置、安全有序；无人在公寓内吸烟；及时锁门。良：无不安全用电行为；无违章电器；无人时不使用电器；线路放置基本安全有序；无人在公寓内吸烟；及时锁门。中：无重大不安全用电行为；无违章电器；无人时不使用电器；线路放置不影响宿舍安全；无人在公寓内抽烟；及时锁门。差：有吸烟、使用违章电器、乱拉乱接电线、线路混乱等不安全用电行为；无人时有使用电器、不锁门等现象。房间洁净度优：地面、墙面清洁,桌椅、门窗、床铺等家具和设施干净, 台面无灰尘；无乱丢乱扔垃圾现象,无杂物和垃圾积存。良：地面、墙面清洁,桌椅、门窗、床铺等家具和设施比较干净；无乱丢乱扔垃圾现象, 无杂物和垃圾大量积存。中：地面、墙面、桌椅、门窗、 床铺等清洁度一般；杂物和垃圾有积存但有整理和打扫。差：地面、墙面、桌椅、门窗、 床铺等较为脏乱,没有定期打扫；有大量杂物和垃圾积存。物品规整度优：个人用品和公共物品摆放规整有序；桌面、床铺、窗台、柜架上的物品全部归类收拾整齐；不在楼道等公共区域随意摆放物品。良：个人用品和公共物品摆放基本规整有序；桌面、床铺、窗台、 柜架上的物品收拾比较整齐；不在楼道等公共区域随意摆放物品。中：个人用品和公共物品摆放能够分类；桌面、床铺、窗台、柜架上的物品有整理；不在楼道等公共区域摆放物品。差：个人用品和公共物品随意摆放；桌面、床铺、窗台、柜架等没有整理,物品摆放杂乱无章；有在楼道等公共区域摆放物品的行为。整体舒适度优：宿舍环境舒适；布置和装饰美观、大方、温馨,有一定特色和文化内涵；空气清新；无抽烟现象；无乱贴乱画现象。良：宿舍环境比较舒适；空间布置和装饰比较美观；空气清新；无抽烟现象；无乱贴乱画现象。中：宿舍环境一般；空间布置和装饰尚合理；房间能够通风；无抽烟现象；无乱贴乱画现象。差：宿舍环境较差；空间布置和装饰情况较差；有异味；有吸烟现象；有乱贴乱画现象。文明和谐度优：模范遵守学生公寓管理制度,无违纪行为；宿舍同学关系良好；宿舍长认真负责；认真执行宿舍文明公约或值班表；支持并热心参与公寓建设。良：遵守学生公寓管理制度,无违纪行为；宿舍同学关系良好；宿舍长能发挥作用；执行值日制度；能够配合有关部门开展公寓建设。中：遵守学生公寓管理制度,无违纪行为；宿舍同学无明显矛盾；无妨碍有关部门开展公寓建设的行为。差：不能严格遵守学生公寓管理制度,有违纪行为；宿舍关系不佳；对于相关部门开展公寓建设态度消极。      期待大家在卫生检查中取得好结果~中国人民大学信息学院青年志愿者协会倾情呈现青协||外宣部长按二维码关注我们
",中国人民大学信息学院青年志愿者协会
活动预告|笔尖寄相思，尺素传真情,2019-05-06,http://mp.weixin.qq.com/s?__biz=MzAxMTAzNjc0MA==&amp;mid=2654040449&amp;idx=1&amp;sn=8c43a6ec5417458410764781521af1fe&amp;chksm=8082e0aab7f569bc084dc3a2f896b1fed1156409230a1bfd24b1eacaa9cb2bfefd943e07e12d&amp;scene=27#wechat_redirect,"
点击“蓝字”关注——信息青协母亲节将至，还没有向父母表达谢意；又值分别，对亲爱的ta仍有千言万语尚未道尽？不过不要担心满腔深情无处诉说，因为。。。青小协携新活动来啦Yeah Yeah Yeah给父母一次感动，让游子的感谢随时间发酵给ta一次感动，让青涩的情感因光阴醇香轻轻挥动笔尖任心声流露埋藏一次等待待尺素传情心动不如行动，快来参加我们的书信言情活动吧活动详细信息Details        青小协将为大家提供信纸与信封，欢迎大家将自己的心声向远方的ta倾诉，一流邮差青小协定当不辱使命！（期待地搓手手~）活动时间       青小协将于5月13日至14日将信封与信纸送至事先指定的邮箱里，并于5月16日寄出已填写的信件！~       心动的朋友，开始构思吧！给每一个等待答复用古老而浪漫的方式编辑/外宣部 孙朗宸中国人民大学信息学院青年志愿者协会长按二维码关注我们
",中国人民大学信息学院青年志愿者协会
残联志愿情，奉献我先行（第二期）,2019-04-14,http://mp.weixin.qq.com/s?__biz=MzAxMTAzNjc0MA==&amp;mid=2654040444&amp;idx=1&amp;sn=ffce37a0356b52985a194216379a7ed8&amp;chksm=8082e057b7f5694151b7e8ac7ecdadbf95d115fcf0b4f319e533a84c2afa923aed0f2f1c86a5&amp;scene=27#wechat_redirect,"
志愿现场    2019年4月10号，中国人民大学信息学院青年志愿者协会的志愿者们于中午出发，前往海淀区残联的社区街道，进行本学期第二次计算机教学活动。本项活动目的在于帮助老人们使用计算机的基本搜索、娱乐功能，使老人们可以受益于科技的发展。志愿者们与老人们    下午3点前，同学们提前到达残联服务中心，并在计算机室为老人们准备好座位。老人们对此表示感谢，并很快入座。同学和老人们交流熟悉后，老人们提出自己在日常使用计算机时出现的问题。志愿者们则当场为老人们打开计算机做演示，并且用通俗易懂的用语解释出现问题的原因和机理，便于老人理解。    志愿者们演示完一个计算机问题应该如何操作后，老人们就开始自己的尝试。对于尝试中重复出现和新出现的问题，志愿者们都会给予解释并让老人们多次操作，直到不再出现问题。看到计算机使用问题很快被解决，老人们表达了对志愿者们的感激。志愿者们解释问题    在教学中，有些老人还提出了手机的购买、导航的使用、新型音响的购置等其他科技产品的问题，志愿者们对此一一进行了解释，并且教会老人使用手机上几个常用app来搜索这些科技产品，以及通过网上大众评分来初步判断这个产品的性价比，使得老人们能够自己去了解一些可供日常使用的科技产品。    教学进程结束后，老人们开始和志愿者们聊自己的生活、过去的经历，带给了志愿者们很多趣闻和触动。下午4点，志愿活动圆满结束，老人们的问题都得到了解答。志愿者们在计算机室合影留念，离开时几位老人送志愿者们到大门口，期盼志愿者们再次到来。摄影｜孙朗宸新闻｜张汝洹排版｜罗毓瑾长按二维码关注我们
",中国人民大学信息学院青年志愿者协会
卫生检查|四月份宿舍卫生检查结果出炉！！！,2019-04-09,http://mp.weixin.qq.com/s?__biz=MzAxMTAzNjc0MA==&amp;mid=2654040440&amp;idx=1&amp;sn=ffdcd5ecde098636d2e67198e3d09177&amp;chksm=8082e053b7f56945a19f7b2118bbaa6727dfec29d479d272e7fe42f3cded59a7c168084a4698&amp;scene=27#wechat_redirect,"
点击蓝字关注我们四月份宿舍卫生检查结果新鲜出炉    本周一（4月8日）晚九点，青协组织人员进行了信息学院宿舍卫生检查。检查的宿舍包括116个本科宿舍和28个硕士生宿舍。本次宿舍卫生检查的具体结果如下：优秀宿舍：知行二楼 912 宿舍知行四楼 617 宿舍知行五楼 818 宿舍东风六楼 329 宿舍东风七楼 109 宿舍品园一楼 407 宿舍品园二楼 325 宿舍北园二楼 417 宿舍不合格宿舍：无奖惩措施    每月评出男女卫生标兵宿舍各两个，颁发奖品及“优秀宿舍”锦旗，并在《信息月刊》开辟优秀宿舍风采展示专栏展示优秀宿舍的风采；    对于不合格的宿舍，通知不合格宿舍所在班班长提醒该宿舍，并于下周不定期复查，复查仍不合格者予以通报批评；    每月优秀宿舍和不合格宿舍名单都反馈给各班班主任/团支书；宿舍卫生总评也将进入优秀班级评比参考因素。希望大家继续保持呀~
",中国人民大学信息学院青年志愿者协会
【志愿招募】残联计算机网络教学第二期,2019-04-05,http://mp.weixin.qq.com/s?__biz=MzAxMTAzNjc0MA==&amp;mid=2654040436&amp;idx=1&amp;sn=0652787e4abdfd32504b4d3c1627bcaf&amp;chksm=8082e05fb7f569499900d82c466f8b586350d96177ddd35f4b26afba7bf96a6c7f46aaa41097&amp;scene=27#wechat_redirect,"
点击蓝字关注我们残联计算机网络教学    网络和计算机，这两项人们天天谈论的东西似乎早已深入人心，然而事实上仍有很多人不会使用计算机，不懂得如何操作网络，无法享受信息时代的快捷便利。    参加残联计算机网络教学项目，你可以为改善这种局面尽一份力，更重要的是，你能收获满满的成就感！       本学期残联活动第二期，大家踊跃参与鸭!注·意·啦！时间：4月10日（周三）下午2：30-3：30地点：芙蓉里南街6号院百环公寓一层 海淀街道温馨家园志愿时长：2小时拟招募人数：3-4人报名方式：二维码线上报名报名截止日期：4月8日（周一）晚上10：00教学内容网络和计算机的基本使用方法网络安全知识常用网站推荐教学方式为一名志愿者对应一至两名老人还不快扫我报名！注意事项①工作人员为了协助我们更好的进行教学，特意贡献了电脑室供我们使用哦~不需要自行带电脑！②本次共招募4人！先到先得！报名成功之后若有急事不能参加，务必自行找人替代！ 编辑|外宣部 
",中国人民大学信息学院青年志愿者协会
【重要通知】四月份卫生检查即将来袭,2019-04-05,http://mp.weixin.qq.com/s?__biz=MzAxMTAzNjc0MA==&amp;mid=2654040436&amp;idx=2&amp;sn=c1149ff840ef986f127fad2c88b588c7&amp;chksm=8082e05fb7f56949c60af35d2a935f71d801a403fded6c1524b2dc65b7d9a185dbcd28909afe&amp;scene=27#wechat_redirect,"
    下周一（4月8日）晚9：00至10：00将进行宿舍卫生检查，应学院要求，本次检查将从严扣分，发现烟头与违规电器将直接记为不合格宿舍，不合格宿舍将进行第二次宿舍卫生检查。本次宿舍卫生检查优秀宿舍和不合格宿舍将在本公众号公布。    宿舍督查从安全有序度、房间洁净度、物品规整度、整体舒适度、文明和谐度这几个方面对学生宿舍进行整体考评。请大家及时打扫卫生，排除宿舍存在的安全隐患。    保持宿舍日常卫生是非常重要的事！青小协祝大家在宿舍督查中顺利得到优秀~宿舍评分督查五标准安全有序度优：无任何不安全用电行为；无违章电器；无人时不使用电器；线路规整放置、安全有序；无人在公寓内吸烟；及时锁门。良：无不安全用电行为；无违章电器；无人时不使用电器；线路放置基本安全有序；无人在公寓内吸烟；及时锁门。中：无重大不安全用电行为；无违章电器；无人时不使用电器；线路放置不影响宿舍安全；无人在公寓内抽烟；及时锁门。差：有吸烟、使用违章电器、乱拉乱接电线、线路混乱等不安全用电行为；无人时有使用电器、不锁门等现象。房间洁净度优：地面、墙面清洁,桌椅、门窗、床铺等家具和设施干净, 台面无灰尘；无乱丢乱扔垃圾现象,无杂物和垃圾积存。良：地面、墙面清洁,桌椅、门窗、床铺等家具和设施比较干净；无乱丢乱扔垃圾现象, 无杂物和垃圾大量积存。中：地面、墙面、桌椅、门窗、 床铺等清洁度一般；杂物和垃圾有积存但有整理和打扫。差：地面、墙面、桌椅、门窗、 床铺等较为脏乱,没有定期打扫；有大量杂物和垃圾积存。物品规整度优：个人用品和公共物品摆放规整有序；桌面、床铺、窗台、柜架上的物品全部归类收拾整齐；不在楼道等公共区域随意摆放物品。良：个人用品和公共物品摆放基本规整有序；桌面、床铺、窗台、 柜架上的物品收拾比较整齐；不在楼道等公共区域随意摆放物品。中：个人用品和公共物品摆放能够分类；桌面、床铺、窗台、柜架上的物品有整理；不在楼道等公共区域摆放物品。差：个人用品和公共物品随意摆放；桌面、床铺、窗台、柜架等没有整理,物品摆放杂乱无章；有在楼道等公共区域摆放物品的行为。整体舒适度优：宿舍环境舒适；布置和装饰美观、大方、温馨,有一定特色和文化内涵；空气清新；无抽烟现象；无乱贴乱画现象。良：宿舍环境比较舒适；空间布置和装饰比较美观；空气清新；无抽烟现象；无乱贴乱画现象。中：宿舍环境一般；空间布置和装饰尚合理；房间能够通风；无抽烟现象；无乱贴乱画现象。差：宿舍环境较差；空间布置和装饰情况较差；有异味；有吸烟现象；有乱贴乱画现象。文明和谐度优：模范遵守学生公寓管理制度,无违纪行为；宿舍同学关系良好；宿舍长认真负责；认真执行宿舍文明公约或值班表；支持并热心参与公寓建设。良：遵守学生公寓管理制度,无违纪行为；宿舍同学关系良好；宿舍长能发挥作用；执行值日制度；能够配合有关部门开展公寓建设。中：遵守学生公寓管理制度,无违纪行为；宿舍同学无明显矛盾；无妨碍有关部门开展公寓建设的行为。差：不能严格遵守学生公寓管理制度,有违纪行为；宿舍关系不佳；对于相关部门开展公寓建设态度消极。      期待大家在卫生检查中取得好结果~中国人民大学信息学院青年志愿者协会倾情呈现青协||外宣部长按二维码关注我们
",中国人民大学信息学院青年志愿者协会
关于清明节的那点事~,2019-04-05,http://mp.weixin.qq.com/s?__biz=MzAxMTAzNjc0MA==&amp;mid=2654040436&amp;idx=3&amp;sn=5c7532f9a51f7e264015c882756ced66&amp;chksm=8082e05fb7f56949bf340f90c730ed9f44b4543c0e484546878f467ea9ba522beb613db3537a&amp;scene=27#wechat_redirect,"
今天是清明，咱们就来聊聊清明那些事~qing清ming明shi时jie节    很少有一个节日，像清明这样意蕴深厚而含混：风清景明，慎终追远，这是一个悲怆的日子;放歌踏青，追逐春天，这是一个轻盈的日子。在我们慎终追远的时候，它就是节日;在我们放歌逐春的时候，它就是节令。大节气和大节日就这样水乳交融。——于丹       “清明时节雨纷纷，路上行人欲断魂。”随着四月钟声的敲响，作为二十四节气之一的清明也如约而至。       清明节，又称踏青节、行清节、三月节、祭祖节，节期在仲春与暮春之交。清明节俗丰富，归纳起来是两大节令传统：一是礼敬祖先，慎终追远；二是踏青郊游、亲近自然。       清明节在历史发展中融合了寒食节的禁火、冷食习俗。传说寒食节是在春秋时代为纪念晋国的忠义之臣介子推而设立的节日。寒食节初为节时，禁烟火、只吃冷食，在后世的发展中逐渐增加了上坟祭扫、踏青、秋千、蹴鞠、牵勾、斗鸡等风俗。据《后汉书》记载，最初的寒食节时间很长，最长的105天，最短的也要近1个月。    而同学们最喜欢吃的青团也是清明节的产物哟。清明前后，江南一带素有吃青团的风俗习惯。因为寒食节是不能生火的，所以人们提前会准备很多糕点用来充饥。而青团是采用青艾(有的麦草汁)和糯米粉捣制再以豆沙为馅而成，可以保存3~5天，这样就满足了人们祭祀和不炊而食的需求。这就是关于清明的那些事大家知道了么~比较会传播爱心比较想你关注我(*￣∇￣*)
",中国人民大学信息学院青年志愿者协会
春日香山，班级同行,2019-04-03,http://mp.weixin.qq.com/s?__biz=MzAxMTAzNjc0MA==&amp;mid=2654040424&amp;idx=1&amp;sn=bfeb5b1c897e1e64a200f5be7d4fe9bd&amp;chksm=8082e043b7f56955ea8816ee5cc576f9cecd974638ef435d2ac83f2975b291a9d6dffa5af9f0&amp;scene=27#wechat_redirect,"
点击蓝字关注我们2018级理科实验二班首度出发    3月30日下午，信息学院2018级理科实验二班全体同学集体前往香山老年公寓进行智能设备教学活动。本活动目的在于通过班级参与的形式，提升同学们的参与热情，营造一个更舒适的志愿氛围。    经信息青协策划，在二班班长邓琛龙的组织下，第一次班级香山志愿活动顺利展开。二班同学们下午一点从学校出发，前往香山老年公寓教老爷爷老奶奶们使用手机。到达    下午两点，同学们提前抵达香山老年公寓。在公寓工作人员的引导下，志愿者们进入教室等待爷爷奶奶们的到来。很快，爷爷奶奶们陆续到达并找到了自己的“小老师”。教学    爷爷奶奶们都很好学，对手机上的软件、功能充满了好奇。志愿者们耐心地为爷爷奶奶们进行解答并教授爷爷奶奶们如何使用手机上的实用功能。面对一些较难解答的问题，二班的同学们则找来小伙伴一起协助解答，使爷爷奶奶们的问题很快迎刃而解。经过一段时间的学习，爷爷奶奶们对智能手机的使用有了一定程度的了解。在学习之余，有的爷爷奶奶还给同学们讲起了自己的故事，同学们十分认真地聆听同时也开心地同老人们分享自己在学校的生活。    下午四点，这次志愿活动接近了尾声。离别的时候，爷爷奶奶们和二班同学们在门口合影留念，第一次班级香山志愿活动圆满结束。希望其他班级踊跃参与呀~长按识别二维码关注我们
",中国人民大学信息学院青年志愿者协会
猫猫太可爱了我该怎么办？！,2019-04-03,http://mp.weixin.qq.com/s?__biz=MzAxMTAzNjc0MA==&amp;mid=2654040424&amp;idx=2&amp;sn=35c9dde85bbcb4f83e95177f4362bf6b&amp;chksm=8082e043b7f5695597ff78187967c249ac9fda858eb2b0de103312fe0359cd1312eddb08f6d5&amp;scene=27#wechat_redirect,"
    抓住三月的尾巴，第二期动物园社区照顾流浪猫活动于3月31日顺利开展。本次活动增强了同学们对流浪动物的保护意识，达到了增加人文关怀意识的目的。    下午3时许，信息青协的各位爱心志愿者抵达“流浪猫之家”，与之前抵达的其他队伍展开友好合作，一同对猫舍进行日常清理与整洁。猫舍管理员对同学们的到来表达了欢迎。萌萌喵星人    怀揣着满满的热情，大家很快便投入到了清扫的任务中。众多的流浪猫虽然使得整个氛围十分欢快活跃，但也造成了一些小小的难题，比如猫猫偷喝消毒水之类的事不时发生。面对种种小问题，志愿者们精诚合作，一部分人负责照顾猫咪远离消毒水，另一部分人“趁机”将猫舍清理干净。经过志愿者们的配合，猫舍很快便焕然一新。    所谓“撸猫一时爽，一直撸猫一直爽”，面对这些萌物，大家怎能视而不见？打扫完后，大家都对猫猫伸出了邪恶的双手（不是），各位猫主子也都十分配合地享受了起来。猫舍的阿姨也在一旁细心的介绍着每只猫的姓名与来历。大家对猫的感情更深了。    转眼间，志愿活动达到了尾声。大家与猫主子合影留念后不舍地离去。整个活动的成功举办拉近了志愿者们和小动物之间心的距离，同时也唤起了同学们的动物保护意识。排版｜邵宁录摄影｜韦权峰文案｜李浩铭信息青协，让志愿成为一种快乐～长按二维码关注我们
",中国人民大学信息学院青年志愿者协会
【转】北科乐活堂志愿者招募“贝壳计划”,2019-03-31,http://mp.weixin.qq.com/s?__biz=MzAxMTAzNjc0MA==&amp;mid=2654040416&amp;idx=1&amp;sn=0edc11a85d7cf0eb01192d490071db3e&amp;chksm=8082e04bb7f5695dcc3ad37abd5d7e4fb026ded85994ba59bf5c7230ac99083c676a7ef83cc8&amp;scene=27#wechat_redirect,"
招募北科乐活堂志愿者，希望你能成为我们闪闪发亮的一粒“贝壳”，把爱和服务带给千千万万长辈！快来报名吧！招募箴言我们是一粒粒散落在海边的贝壳潮起潮落冲不走我们对长者的关爱云卷云舒带不去我们来时的那份初心人来人往挡不住对理想国度的执着等你青丝变白发别怕我在给你一份快乐也给我一个沉甸甸的人生让我们手牵手看橙色的夕阳下我们光芒万丈项目背景01北科乐活堂？北京乐活堂养老服务促进中心是由北京市科学技术研究院科研团队为背景创立的一家社会组织，对外的品牌是”北科乐活堂“，主要依托多年来老年服务科研和科技成果转化，开展居家养老技术服务。”北科乐活堂“坚持以“陪伴长辈在离家最近的地方，积极养老，快乐生活”为愿景，以老年人“健康、喜乐、尊严、活力”为服务目标，探索出了一套适合我国老年人社区居家养老服务技术，实现老年人健身、健脑、心理疏导、认知训练等专业健康促进功能于一体，综合运用体适能、怀旧、音乐、园艺、健脑等非药物辅疗手段，帮助老年人减缓衰老，实现成功老化。”北科乐活堂“创立于2014年，2017年4月经北京市民政局批准正大注册为民办非企业社会组织，目前已经在北京市西城区、海淀区、门头沟区、大兴区等6个街道40多个社区和20家养老机构开展持续的社区健康促进服务。什么是积极养老？02积极老龄化是世界卫生组织在“健康老龄化”基础上，提出的一个养老理念和公共政策框架。根据世界卫生组织的定义，“健康老龄化”包括躯体健康、精神健康和社交交往健康；“积极老龄化”则进一步突出了人的社会属性，强调行为和生活方式及社会支持与保障在促进健康中的作用，呼吁老年人积极参与社会活动，实现老有所为，适用于群体和个人。目的在于使所有年龄组的人们，包括体弱者、残疾和需要照料者，延长健康预期寿命和提高生活质量。贝壳计划由是由北科乐活堂发起的积极养老，关爱老人计划，旨在传播积极养老理念，服务长者，让人人享有积极养老服务。它是一项推动社会进步的公益事业，也是我们每个人都能实现的目标，为此，不仅要靠国家和社会的力量，需要我们每一个人的力量！加入计划做什么1、传递积极养老理念；2、北科乐活堂长辈活动协助；3、服务范围包括北京各个街道、社区、养老机构、养老驿站，以五环以内为主@北科乐活堂在社区贝壳规则01申请线上申请加入我们——审核通过——面试——签约——成为贝壳！我们需要有爱心、有力量、爱长辈的你加入！我们需要能传递社会正能量的你加入！我们需要为养老事业无私奉献的你加入！ 服务02服务发布——服务预约——服务执行——服务考核——服务奖励！按照贝壳服务标准服务！“三不原则”：不得做有损贝壳形象的事；不得与长辈发生争吵和冲突；不得言而无信！03 提升线上学习+线下提升+服务时数记录鼓励贝壳们学习养老相关的知识；不定期线上培训；对于服务时数和服务满意度高的贝壳予以奖励加入我们点击文章左下角“阅读原文”，填写申请表，提交后工作人员会在三个工作日内回复，请注意查收。长按识别二维码关注我们点点击阅读原文，填写申请表。
",中国人民大学信息学院青年志愿者协会
烂漫春日，春游正当时,2019-03-28,http://mp.weixin.qq.com/s?__biz=MzAxMTAzNjc0MA==&amp;mid=2654040409&amp;idx=1&amp;sn=6e8c502e3a4b7e651d8980d76fe594e5&amp;chksm=8082e072b7f56964947454eb8e5ab988000482ee6d50fbbd1311ef7bfa3caac64a0ff4a3cc48&amp;scene=27#wechat_redirect,"
点击蓝字关注我们2403-2019青协有你……三月 春游正当时The moment    2019年3月24日，中国人民大学信息学院青年志愿者协会在北京植物园举行春游活动。青协全体部长及干事积极参与其中。在春游中，信息青协的同学们团结进取，友爱互助的风气展现无余。 chapter / 01     早晨8时许，同学们于学校西门明德楼旁集合完毕，共同前往植物园。对于这次春游，大家都感到十分期待，每个人脸上都洋溢着满满的喜悦。    9时许，同学们到达植物园。同学们进行的第一场游戏是听歌识曲游戏。各个队伍根据声音提示奋力猜测歌曲名字，猜对的加分，猜错的要扣分。激烈的角逐表明，有的时候沉默是最好的得分方式（捂脸）。当然，在游戏过程中外宣部门的几位同学展现出了中华小曲库的风范，并最终获得了胜利。 chapter / 02     猜歌活动过后，全体参与人员被分为了九个小队参与接下来的定向越野活动。九个小队的成员们热情参与其中。每个小组领取了物资之后迅速开始向目标地点进发。查地图，看导航，各小队成员分工明确。同学们根据照片上的地标认真寻找，很快便找到了植物园中的几处特色景点，并且在主持人的引导下顺利完成了夹气球，摆姿势等任务。 chapter / 03 青协一家    大约上午12时，九个小队均完成了定向越野，大家开始野餐，同时主持人开始统计各队分数。13时许，主持人宣布了获胜的队伍，秋游活动圆满结束。各部门合影留念并且在离开时清理了野餐垫周围的垃圾。    相信通过本次春游活动，同学们可以以更饱满的精神状态去迎接之后的学习和工作。新闻稿|思子华摄影|蒲照推送|韦权峰-   E N D   -扫码了解更多志愿信息
",中国人民大学信息学院青年志愿者协会
【活动报名】动物园社区流浪猫照顾活动,2019-03-25,http://mp.weixin.qq.com/s?__biz=MzAxMTAzNjc0MA==&amp;mid=2654040405&amp;idx=1&amp;sn=15def7f151f18bb41cbe200829d312fc&amp;chksm=8082e07eb7f5696854c9461092dda8d4d2f83c49f98311d5a3ac4f2f5fc341d196bb433ce19f&amp;scene=27#wechat_redirect,"
点击蓝字关注我们猫咪之家 期待你的到来    猫咪是非常可爱的生物，有很多人都梦想着能够亲身体验一把撸猫的感觉。而在动物园里，有这样一群猫咪：它们曾经四处流浪、无家可归；被收留进流浪猫社区以后，变得更加的健康、茁壮和可爱。这个过程离不开大家的悉心照顾和辛勤付出。那么同学们是否也愿意成为其中的一份子，献出自己的力量，让更多的猫咪们收获健康与快乐呢？(工作结束以后也可以和猫咪共度快乐时光噢～)招募tips：志愿时间：3月31日（周日）下午三点半到四点半 集合时间：下午两点四十在人大东门集合志愿地点：北京动物园 志愿时数：三小时拟招募人数：6-7人报名截止时间：3月28日（周四）中午12点报名方式：扫描下方二维码报名——reads快来和青小协一起撸猫吧~
",中国人民大学信息学院青年志愿者协会
爱满香山，携手同行,2019-03-19,http://mp.weixin.qq.com/s?__biz=MzAxMTAzNjc0MA==&amp;mid=2654040400&amp;idx=1&amp;sn=203b7da4dee3ab995d37d3ec84112424&amp;chksm=8082e07bb7f5696d5abe160aaaddb22af83464a6d587539b142a3ea016e1c877b58c55d8dbf0&amp;scene=27#wechat_redirect,"
点击蓝字关注我们    2019年3月16日，一个春光明媚的午后，中国人民大学信息学院青年志愿者协会开展了本学期第一次香山敬老活动。志愿者们带上了自己准备的教学提纲，充满热情地踏上了前往香山的路途。    本次活动的主要内容是教授老人手机、平板电脑等智能设备的基本使用，以此便利老人的生活，并通过这种方式提升同学们的社会服务意识。    下午2点，志愿者们抵达活动地点。春日午后的困意丝毫没有阻挡老人们的热情，老人们和敬老院负责人早已在活动室等候，并且大屏幕上还打出了欢迎同学们的文字。    由于每个老人智能手机的使用侧重点不同，提出的问题也不尽相同，且老人们参与的热情很高，有些同学要同时帮助两名老人进行智能手机的教学。于是针对以上问题，志愿者们先利用半个小时的时间听取老人们有关智能手机的使用问题，之后对问题进行分类，将问题相似的老人聚集在一起进行集中讲解，使志愿活动有条不紊的进行下去。 教授过程中，志愿者先是自己演示一遍，边演示边讲解，然后手把手地教老人自己动手实践一遍，以此来达到巩固所学的目的。在此种教学模式下，老人们很快便学会了智能手机的初步使用方法。    志愿者们与老人们交流的十分愉快。课时结束后，老人们都已基本上能使用微信等功能。同学们记录下老人的学习情况，以便后续开展教学活动。­老人们攥着同学们的手一路有说有笑，并在大门口合影留念。在老人的目送中，第一期香山智能设备教学活动圆满结束。长按识别二维码，了解一下摄影：孙郎宸新闻：思子华排版：杜欣阳
",中国人民大学信息学院青年志愿者协会
【特别活动】春日香山，班级同行,2019-03-12,http://mp.weixin.qq.com/s?__biz=MzAxMTAzNjc0MA==&amp;mid=2654040395&amp;idx=1&amp;sn=c07732ac1b39007d360b4053b21ce493&amp;chksm=8082e060b7f5697695a78a51727956858fdd77ffa4aaee9d56f3008cb326b852e2ebd5242e2e&amp;scene=27#wechat_redirect,"
班级香山活动来啦     春天的样子，大概是褪去背了一个冬季的厚重外套，穿上亮色的卫衣搭配牛仔裤和帆布鞋，站在熟悉的街口，抬头望天，春风拂面，不由自主地哼起小调，大步向前，无所畏惧。春天是希望的季节，在这样明媚的春光里，何不行动起来，为自己的生活添姿增彩，让自己的人生更有意义呢？同学在旁，携手同行，在香山留下青春的爱心，展现班级的风采。快跟随青小协的脚步，去与爷爷奶奶们交流，聆听他们的故事，解决他们的困惑，让春日的阳光更加明媚。春日香山，期待你们班的加入！活动须知：1、3月30日起，有意愿的班级可安排时间在周六下午前去香山敬老院进行志愿活动。2、有意愿的班级负责人需提前半个月与信息青协项目部联系，敲定志愿时间及人数。3、各班报名参加人数应不少于10人联系方式：杨晨宇 18777605027（可加微信或发短信）欢迎各班踊跃报名长按识别二维码了解更多志愿信息
",中国人民大学信息学院青年志愿者协会
春日香山，你我同行（第一期）,2019-03-10,http://mp.weixin.qq.com/s?__biz=MzAxMTAzNjc0MA==&amp;mid=2654040390&amp;idx=1&amp;sn=1316c52079fb20bf3e20fc759d72b9db&amp;chksm=8082e06db7f5697bdb20f3838355e46659e9ba04b380bd41a8b5cdeda54e158c013096789677&amp;scene=27#wechat_redirect,"
点击蓝字关注我们春日香山，期待你的到来      春天的样子，大概是褪去背了一个冬季的厚重外套，穿上亮色的卫衣搭配牛仔裤和帆布鞋，站在熟悉的街口，抬头望天，春风拂面，不由自主地哼起小调，大步向前，无所畏惧。春天是希望的季节，在这样明媚的春光里，何不行动起来，为自己的生活添姿增彩，让自己的人生更有意义呢？那还不快快跟随青小协的脚步，去与爷爷奶奶们交流，聆听他们的故事，解决他们的困惑，让春日的阳光更加明媚，春日香山，期待你的加入。报名tips活动时间：3月16日（周六）活动地点：香山老年公寓活动内容：智能手机教学志愿时长：4小时拟招募人数：15人报名方式：扫描下方二维码进行线上报名报名截止时间：3月14日（周四）中午信息青协我们在行动~
",中国人民大学信息学院青年志愿者协会
残联志愿情，奉献我先行（第一期）,2019-03-09,http://mp.weixin.qq.com/s?__biz=MzAxMTAzNjc0MA==&amp;mid=2654040385&amp;idx=1&amp;sn=12274487367bda299073d3c0879451a6&amp;chksm=8082e06ab7f5697cdcaeb9196c496a9a2ed2f3caf4e0a50af55c3ff2f3a80fcf6701c4e51ea1&amp;scene=27#wechat_redirect,"
点击蓝字关注我们    2019年3月6日，中国人民大学信息学院青年志愿者协会的志愿者们一同出发前往海淀街道温馨家园，进行本学期第一次残联计算机教学志愿活动。本活动目的在于帮助老人使用计算机，让电脑技术便利老人们的生活。    下午2:30，志愿者们一行人到达残联服务中心。当我们到达时，许多老人们已在房间内等候。志愿者帮助老人们将椅子搬到计算机教室，搀扶老人们就坐。在经过简单的询问之后志愿者们很快便开始了教学活动。    由于上网频率不统一，老人们对于上网操作的熟练度有较大差异。于是志愿者们根据每位老人的自身情况来有针对性的进行教学。对于对基础上网操作不熟悉的老人，志愿者从最基础的讲起，手把手教老人如何浏览网页，如何用键盘进行文字输入。对于能进行基础网页浏览的老人，志愿者则进一步给他们推荐了一些实用的网站，以此来丰富老人们的生活。而对于那些已经可以熟练上网的老人，志愿者则积极解答他们有关智能手机的使用问题。    一个小时的教学活动就要接近尾声，但老人们仍有许多问题尚待解答。于是教学活动又延长了十五分钟直至计算机教室即将关门。老人们与志愿者一同走出教室，在门口合影留念。至此第一期残联志愿活动圆满结束。识别二维码，关注我们信息青协，用心服务摄影：张汝洹新闻：蒲照排版：罗毓瑾缘分，或许就在“好看”里
",中国人民大学信息学院青年志愿者协会
【节日特辑】你不知道的女王节来历,2019-03-08,http://mp.weixin.qq.com/s?__biz=MzAxMTAzNjc0MA==&amp;mid=2654040381&amp;idx=1&amp;sn=448a23c546057c3e2c6634fa7478961a&amp;chksm=8082e016b7f56900be4f8ad950d3d0918c1fe0e662bc7544451a6234270ed920ad46fa8458f0&amp;scene=27#wechat_redirect,"
      三八妇女节，即“国际劳动妇女节”，又称“联合国女权和国际和平日”。但是女生们好像有些不喜欢这个名字，改成女王节、女神节。    那么这个不容忽视的节日，到底是怎么来的呢？妇女节一开始就是3月8日这一天吗？1美国人最先定的规矩    工业革命之后，欧美各国工厂林立，大量女性工作者登上岗位，但是女工的工资很低，而且每天要工作十二个小时。    1857年3月8日，纽约的纺织业女工们开始游行罢工，虽然并没有什么用......于是，几乎每年的3月8日，女工们都要来一次抗议游行。美国社会党见状眼前一亮，于1909年商议每年二月的最后一个周日是美国妇女节2欧洲人并不服气    1910年，“第二国际”在丹麦哥本哈根举办了国际社会主义妇女代表大会，书记克拉拉·蔡特金表示，一定要确定一个国际社会主义妇女节。但具体是哪一天呢？1911年3月19日，上百万欧洲人庆祝了国际妇女节，所以就定在这天了！（好随意哦~）3俄国人误打误撞     而就在欧洲大陆妇女运动如火如荼的时候，俄国却还是沙皇统治时期，不过终于在1917年，俄国爆发了二月革命（公历3月8日），为了纪念这次活动有很多女工的参与，蔡特金说服列宁将3月8日定为妇女节。4居然又改了两次    但是，1918年德国十一月革命中，女革命家卢森堡被害，因此她的生日3月5日又变成了妇女节。这个妇女节只持续了3年，1921年9月，第二国际妇女代表在莫斯科开会，认为还是3月8日更有纪念意义，所以还是定这一天吧，这次坚决不改了。    所以说，妇女节定的这个日子也是大有来历的啦，大家知道了么？最后还是祝各位女生都能成为自己的女王哟！扫码了解更多志愿信息
",中国人民大学信息学院青年志愿者协会
卫生检查|三月份宿舍卫生检查结果出炉！！！,2019-03-07,http://mp.weixin.qq.com/s?__biz=MzAxMTAzNjc0MA==&amp;mid=2654040376&amp;idx=1&amp;sn=74405888e7a5ed83e845b8dcd79b2826&amp;chksm=8082e013b7f56905ed2f1647d6d71aeb0be36fa926afea38b792a4180590d3f896616a0f8c43&amp;scene=27#wechat_redirect,"
点击蓝字关注我们三月份宿舍卫生检查结果新鲜出炉    本周三（3月6日）晚九点，青协组织人员进行了信息学院宿舍卫生检查。检查的宿舍包括116个本科宿舍和27个硕士生宿舍。本次宿舍卫生检查的具体结果如下：优秀宿舍：知行二楼911宿舍知行四楼706宿舍知行五楼906宿舍品园六楼648宿舍品园二楼331宿舍东风六楼331宿舍东风七楼315宿舍红二楼344宿舍不合格宿舍：无奖惩措施    每月评出男女卫生标兵宿舍各两个，颁发奖品及“优秀宿舍”锦旗，并在《信息月刊》开辟优秀宿舍风采展示专栏展示优秀宿舍的风采；    对于不合格的宿舍，通知不合格宿舍所在班班长提醒该宿舍，并于下周不定期复查，复查仍不合格者予以通报批评；    每月优秀宿舍和不合格宿舍名单都反馈给各班班主任/团支书；宿舍卫生总评也将进入优秀班级评比参考因素。下周将迎来校级卫生检查希望大家继续保持呀~
",中国人民大学信息学院青年志愿者协会
【志愿报道】第一期动物园社区流浪猫照顾活动圆满举行,2019-03-06,http://mp.weixin.qq.com/s?__biz=MzAxMTAzNjc0MA==&amp;mid=2654040372&amp;idx=1&amp;sn=31b52317fe62d6f683a63e6a262d9134&amp;chksm=8082e01fb7f56909dc8245770e6c3d4a718628d20586dc9f05487ad6e5f81fc217ebfffa13cc&amp;scene=27#wechat_redirect,"
流浪猫照顾    3月3日下午，第一期动物园社区照顾流浪猫志愿活动顺利开展。本次志愿活动目的在于培养同学们对流浪动物的保护意识。    下午3:20左右，信息青协的志愿者们来到了动物园社区流浪猫收养基地。猫舍的负责阿姨对我们的到来表示欢迎。同学们很快便投入到对猫舍的打扫工作中去。    大家都全力地投入在志愿活动中。一部分同学打扫床铺下面，另一部分同学则负责清扫娱乐设备。大家分工明确，男生负责搬运，女生负责清理。在遇到不太“配合”的小猫咪时同学们则会小心翼翼的将它们抱开。经过大约一个小时的劳动以后，猫舍变得更加干净和整洁，阿姨和志愿者们也露出了满意的笑容。——曹含清《麦田》猫舍~（还碰到了一样在做志愿的北京四中的小伙伴们↑）       既然来了流浪猫收养基地怎么能不照顾一下这群可爱的小生物呢。志愿者们温柔地抚摸着猫咪、和猫咪一起玩耍，完全忘记了刚才工作的劳累和辛苦；猫咪也和我们互动着，乖巧的躺在志愿者的怀中。阿姨则在一旁给我们讲解着它们的名字和习性，大家都十分开心。    转眼间，志愿活动就已经接近尾声了。大家同喵星人不舍地告别，在猫舍外合影留念。本次动物园社区流浪猫照顾活动圆满结束。这次志愿活动拉近了志愿者们与小动物的心灵；近距离地观察和接触它们也增强了志愿者们的动物保护意识。善待动物，和谐生存！信息青协，我们在出发！猫咪等你来哦
",中国人民大学信息学院青年志愿者协会
【重要通知】三月份卫生检查即将来袭,2019-03-05,http://mp.weixin.qq.com/s?__biz=MzAxMTAzNjc0MA==&amp;mid=2654040367&amp;idx=1&amp;sn=72079c04895a248c0ab3a3773a37d61f&amp;chksm=8082e004b7f56912d3404638f8c8d360f75ef871d714bfade05574525a8e80112cdc23e36e9a&amp;scene=27#wechat_redirect,"
    本周三（3月6日）晚9：00至10：00将进行宿舍卫生检查，应学院要求，本次检查将从严扣分，发现烟头与违规电器将直接记为不合格宿舍，不合格宿舍将进行第二次宿舍卫生检查。本次宿舍卫生检查优秀宿舍和不合格宿舍将在本公众号公布。    宿舍督查从安全有序度、房间洁净度、物品规整度、整体舒适度、文明和谐度这几个方面对学生宿舍进行整体考评。请大家及时打扫卫生，排除宿舍存在的安全隐患。    保持宿舍日常卫生是非常重要的事！青小协祝大家在宿舍督查中顺利得到优秀~宿舍评分督查五标准安全有序度优：无任何不安全用电行为；无违章电器；无人时不使用电器；线路规整放置、安全有序；无人在公寓内吸烟；及时锁门。良：无不安全用电行为；无违章电器；无人时不使用电器；线路放置基本安全有序；无人在公寓内吸烟；及时锁门。中：无重大不安全用电行为；无违章电器；无人时不使用电器；线路放置不影响宿舍安全；无人在公寓内抽烟；及时锁门。差：有吸烟、使用违章电器、乱拉乱接电线、线路混乱等不安全用电行为；无人时有使用电器、不锁门等现象。房间洁净度优：地面、墙面清洁,桌椅、门窗、床铺等家具和设施干净, 台面无灰尘；无乱丢乱扔垃圾现象,无杂物和垃圾积存。良：地面、墙面清洁,桌椅、门窗、床铺等家具和设施比较干净；无乱丢乱扔垃圾现象, 无杂物和垃圾大量积存。中：地面、墙面、桌椅、门窗、 床铺等清洁度一般；杂物和垃圾有积存但有整理和打扫。差：地面、墙面、桌椅、门窗、 床铺等较为脏乱,没有定期打扫；有大量杂物和垃圾积存。物品规整度优：个人用品和公共物品摆放规整有序；桌面、床铺、窗台、柜架上的物品全部归类收拾整齐；不在楼道等公共区域随意摆放物品。良：个人用品和公共物品摆放基本规整有序；桌面、床铺、窗台、 柜架上的物品收拾比较整齐；不在楼道等公共区域随意摆放物品。中：个人用品和公共物品摆放能够分类；桌面、床铺、窗台、柜架上的物品有整理；不在楼道等公共区域摆放物品。差：个人用品和公共物品随意摆放；桌面、床铺、窗台、柜架等没有整理,物品摆放杂乱无章；有在楼道等公共区域摆放物品的行为。整体舒适度优：宿舍环境舒适；布置和装饰美观、大方、温馨,有一定特色和文化内涵；空气清新；无抽烟现象；无乱贴乱画现象。良：宿舍环境比较舒适；空间布置和装饰比较美观；空气清新；无抽烟现象；无乱贴乱画现象。中：宿舍环境一般；空间布置和装饰尚合理；房间能够通风；无抽烟现象；无乱贴乱画现象。差：宿舍环境较差；空间布置和装饰情况较差；有异味；有吸烟现象；有乱贴乱画现象。文明和谐度优：模范遵守学生公寓管理制度,无违纪行为；宿舍同学关系良好；宿舍长认真负责；认真执行宿舍文明公约或值班表；支持并热心参与公寓建设。良：遵守学生公寓管理制度,无违纪行为；宿舍同学关系良好；宿舍长能发挥作用；执行值日制度；能够配合有关部门开展公寓建设。中：遵守学生公寓管理制度,无违纪行为；宿舍同学无明显矛盾；无妨碍有关部门开展公寓建设的行为。差：不能严格遵守学生公寓管理制度,有违纪行为；宿舍关系不佳；对于相关部门开展公寓建设态度消极。Tips:    3月11日（周一）-3月15日（周五）会进行校级卫生检查，请大家保持宿舍卫生哦~青协||外宣部      期待大家在卫生检查中取得好结果~中国人民大学信息学院青年志愿者协会倾情呈现长按二维码关注我们
",中国人民大学信息学院青年志愿者协会
【志愿招募】残联计算机网络教学第一期,2019-03-02,http://mp.weixin.qq.com/s?__biz=MzAxMTAzNjc0MA==&amp;mid=2654040362&amp;idx=1&amp;sn=6e6d06c97971675b8b3ce7a2b17a0247&amp;chksm=8082e001b7f569171b75c0a644dcb3b4300a4abb641cde334959ba64a1e2adbfba23aa5c4f1d&amp;scene=27#wechat_redirect,"
点击蓝字关注我们残联计算机网络教学    网络和计算机，这两项人们天天谈论的东西似乎早已深入人心，然而事实上仍有很多人不会使用计算机，不懂得如何操作网络，无法享受信息时代的快捷便利。    参加残联计算机网络教学项目，你可以为改善这种局面尽一份力，更重要的是，你能收获满满的成就感！       本学期残联活动第一期，大家踊跃参与鸭!注·意·啦！时间：3月6日（周三）下午2：30-3：30地点：芙蓉里南街6号院百环公寓一层 海淀街道温馨家园志愿时长：2小时拟招募人数：4人报名方式：二维码线上报名报名截止日期：3月4日（周一）下午5:00教学内容网络和计算机的基本使用方法网络安全知识常用网站推荐教学方式为一名志愿者对应一至两名老人还不快扫我报名！注意事项①工作人员为了协助我们更好的进行教学，特意贡献了电脑室供我们使用哦~不需要自行带电脑！②本次共招募4人！先到先得！报名成功之后若有急事不能参加，务必自行找人替代！ 编辑|外宣部 
",中国人民大学信息学院青年志愿者协会
【活动报名】动物园社区流浪猫照顾活动,2019-02-27,http://mp.weixin.qq.com/s?__biz=MzAxMTAzNjc0MA==&amp;mid=2654040357&amp;idx=1&amp;sn=1bc1ed886b4adff0f2dff930b290b9bb&amp;chksm=8082e00eb7f569185573cf11fe143c35a20d2a78bd7700b092c6868fc5c058cf5a94d678c0b8&amp;scene=27#wechat_redirect,"
    可爱的喵星人来啦~看过昨天青小协发的撸猫活动介绍，大家是不是都已经等不及想要一窥究竟这些毛茸茸的生物啦？那现在就告诉大家一个好消息，本周日将正式开启第一期动物园流浪猫照顾活动。招募tips    志愿时间：3月3日（周日）下午三点半到四点半     集合时间：下午两点四十在人大东门集合    志愿地点：北京动物园     志愿时数：三小时    拟招募人数：6-7人    报名截止时间：3月1日（周五）下午五点    报名方式：扫描下方二维码报名快来和青小协一起撸猫吧编辑：外宣部识别二维码了解更多志愿信息
",中国人民大学信息学院青年志愿者协会
今天你吸猫了吗?,2019-02-26,http://mp.weixin.qq.com/s?__biz=MzAxMTAzNjc0MA==&amp;mid=2654040352&amp;idx=1&amp;sn=3be070dd68b43edcb15dc6e38418e0f8&amp;chksm=8082e00bb7f5691dd1aa2c9ff931239c78c6991ce51e78f7b8c244f897c9255bd3bafdfaa5fe&amp;scene=27#wechat_redirect,"
    继香山智能设备教学活动和残联计算机教学活动之后，青小协又推出了崭新的长期志愿活动——到动物园社区流浪猫收养地照顾可爱的喵喵们！！      2月24日下午，青小协第一批幸运的志愿者们探访了动物园社区的小猫们。      乘坐地铁大约40分钟的车程后，志愿者们来到了目的地。整个猫舍干净整洁，随处可见喵星人灵动的小身影。      负责猫舍的阿姨对志愿者们表示了欢迎，然后给大家讲解了本次志愿活动的主要任务——给猫猫们打水并且擦拭桌子和台子。       有萌萌的猫猫陪伴，大家干劲十足，这些简单的活动没用多少时间就完成啦！        完成任务之后当然就是愉快的撸猫时间啦！猫猫们围在志愿者们的身边乖巧地喝水、休息，仿佛在对大家表示感谢~      阿姨在旁边为大家讲解了每只猫猫有趣的故事和独特的性格，大家听得十分开心！萌萌喵星人       有猫猫相伴的下午时光是愉快而短暂的~有趣又难忘的志愿活动就要结束啦~志愿者们告别了可爱的喵喵们，相约下次还来陪伴它们。        看着这么可爱的猫猫们是不是心动了呢？那就赶快来参加青小协的志愿活动一起去拜访它们吧~吸猫活动招募啦    志愿时间：本周日下午三点半到四点半     (下午两点四十在人大东门集合）    志愿地点：北京动物园     志愿时数：三小时    报名方式：扫描下方二维码报名来和青小协一起撸猫吧编辑：外宣部识别二维码关注我们
",中国人民大学信息学院青年志愿者协会
【开学特辑】志愿正当时，莫负好春光,2019-02-19,http://mp.weixin.qq.com/s?__biz=MzAxMTAzNjc0MA==&amp;mid=2654040348&amp;idx=1&amp;sn=9e70b2f533bbb6d3553fa3a87d25eeb8&amp;chksm=8082e037b7f56921646b0f7134c87cddb86f1865cc7f7290eb079c492baac6dbe9b83c6dea9b&amp;scene=27#wechat_redirect,"
志愿正当时莫负好春光    开学伊始，青小协给大家拜个晚年啦~    新学期新气象，我们青协的志愿活动也要拉开序幕啦！    快来看看本学期青小协有什么志愿活动吧~香山智能设备教学活动    香山智能手机教学活动是青小协的经典保留项目~ 每周六12点志愿者们从人大出发前往香山敬老院进行手机教学活动，活动时长大约为三个小时。同学们通过与老人们的聊天教学一方面帮助老人们使用智能手机，另一方面也使老人们的生活变得更加丰富有趣。爱心衣物捐赠活动    爱心衣物捐献活动是青小协与北京同心互惠合作的活动，由青小协定期组织，进行闲置衣物的回收募捐。募集到的衣物将由“同心互惠公益商店”进行义卖。这个活动一方面可以节约资源，避免闲置衣物的丢弃浪费，促进闲置资源的有效再利用；另一方面能够降低城市工友的生活成本，使困难的工友及子女体面的得到帮助，传播了温暖和满满的正能量。残联计算机教学    残联计算机教学是青小协从去年开始开办的志愿活动。每周三下午，志愿者们会给老人们进行网络知识的科普和简单的计算机使用技能教学。志愿者们主要教爷爷奶奶们登录视频、购物网站，了解网络安全的知识以防止受骗......让他们在轻松愉快的氛围中度过周三下午。计算机教学活动不仅能够减少老人的孤单感，一定程度上也满足了他们了解新事物、紧跟时代的愿望。崭新的活动来啦！    它们是一群来自异世界的外星人，喜吃饭睡觉，喜黏人。因为它们可爱的外形与萌萌的声音，它们深得人类的喜爱。它们是谁呢？就是我们的喵星人啦~    如果你也想近距离抚摸这群可爱的生物，给它们喂食，看着它们软软的躺在你的怀中休息，现在青小协给小伙伴们提供这样一个机会。    每周日的下午我们都将乘坐公交车（约半小时），前往位于动物园社区内的流浪猫收养地，去探访五十多只流浪猫，并帮助收养它们的蓝天阿姨完成一些常规清理活动，陪伴喵喵共度美好的下午时光。让我们一起去探访喵星球吧    看到这么可爱的喵星人和爷爷奶奶们，看完这么多丰富多彩的活动，大家是不是都跃跃欲试了呢~    快来关注我们吧，青小协会第一时间发布各种志愿招募信息！长按二维码关注我们
",中国人民大学信息学院青年志愿者协会
